,Unnamed: 166,Unnamed: 184,Unnamed: 181,Unnamed: 178,R1) Joint Funding of Investment (with Agencies),Unnamed: 172,Unnamed: 169,P) External Funding Allocation,Unnamed: 163,Unnamed: 141,Subagency,Unnamed: 224,W) Measurement Instruments Used,B) Year Established,Unnamed: 237,Unnamed: 153,Unnamed: 239,Unnamed: 92,Unnamed: 55,Unnamed: 21,Agency,Unnamed: 159,Unnamed: 240,Unnamed: 209,Unnamed: 107,R2) Joint Funding of Investment (with Other),Q) Legislation Required to Shift Focus?,Unnamed: 175,Unnamed: 128,F1) Primary Investment Objective,Unnamed: 162,H) Educational Services or Products Produced,Unnamed: 177,Y3) Process or Implementation Evaluation Type,Unnamed: 165,Unnamed: 26,Unnamed: 36,Unnamed: 124,Unnamed: 180,Unnamed: 52,Unnamed: 183,Unnamed: 214,Unnamed: 44,Unnamed: 222,Unnamed: 34,Unnamed: 252,Unnamed: 111,Unnamed: 18,Unnamed: 110,Unnamed: 243,Unnamed: 45,Unnamed: 99,Unnamed: 103,Unnamed: 43,Unnamed: 24,Unnamed: 126,L) Minority Serving Institutions,V) Outcomes Measured,Unnamed: 61,Unnamed: 50,Unnamed: 17,Unnamed: 232,Unnamed: 144,Unnamed: 94,Unnamed: 98,Unnamed: 40,Unnamed: 158, C1) Funding FY2008 , C2) Funding FY2009 , C3) Funding FY2010 
0,0,0,0,0,0,0,0,0,0,0,13,5,8,2002.0,33,0,5,18,32,9,11,0,2,18,0,0,1,0,0,3,0,1,0,0,0,0,1,0,0,2,0,0,1,0,0,0,0,0,0,0,2,0,0,0,1,0,1,0,0,0,0,0,1,0,0,0,0,5.24,7.19,5.7
1,0,0,0,0,0,0,0,0,0,0,10,12,0,2006.0,44,0,0,0,30,0,11,0,0,0,0,0,1,0,0,2,0,1,0,0,0,0,0,0,0,0,0,0,1,0,0,0,0,0,0,0,2,1,1,0,0,0,1,0,2,0,0,0,1,2,1,1,0,14,14,14
2,0,0,0,0,0,0,0,0,0,0,10,79,52,2007.0,0,0,0,0,0,0,11,0,0,0,0,0,1,0,0,3,0,1,0,0,0,0,0,0,0,0,0,3,1,0,0,0,0,0,0,0,0,0,0,0,1,0,1,1,0,1,0,0,1,0,0,0,0,5,5,4.37
3,0,0,0,0,0,0,0,0,0,0,13,0,46,2002.0,11,0,29,0,0,0,11,0,1,0,0,0,1,0,0,2,4,0,0,1,4,0,1,0,0,0,0,1,1,0,0,0,0,0,0,0,2,0,0,0,0,0,1,0,2,1,1,0,1,1,0,1,0,4.57,11.79,4.18
4,0,0,0,0,0,0,0,0,0,0,13,0,6,1999.0,0,0,46,0,0,0,11,0,0,5,0,0,1,0,0,4,0,1,0,0,0,0,1,0,0,0,0,0,1,0,0,0,0,1,0,0,2,0,0,0,1,0,1,1,2,1,1,0,1,0,0,0,0,1.63,2.74,2.02
5,0,0,0,0,0,0,0,0,0,0,13,0,5,2006.0,0,0,45,0,4,0,11,0,0,0,0,0,1,0,0,6,4,0,0,0,4,1,0,0,0,0,0,0,0,0,0,0,0,0,0,0,0,0,0,0,0,0,1,1,0,0,1,0,1,0,0,0,0,3,3,2.98
6,4,0,0,0,0,0,0,0,9,0,13,0,5,1995.0,0,0,45,15,0,0,11,0,0,8,0,0,1,0,0,2,4,1,0,0,4,1,0,0,0,0,0,0,1,0,0,0,0,0,0,0,0,0,0,2,0,0,1,1,0,1,0,0,1,0,0,0,0,1.1,1.12,1.1
7,0,0,0,0,0,0,0,0,0,0,11,22,41,1952.0,16,0,3,0,0,0,11,23,0,0,0,0,1,0,0,5,0,0,0,0,0,0,1,0,0,0,0,1,1,0,1,0,1,0,1,1,0,0,0,0,0,0,1,0,0,0,0,0,1,0,0,1,2,96.02,162.43,136.13
8,0,0,0,0,0,0,0,0,0,0,11,0,45,1997.0,0,0,16,0,23,0,11,0,23,7,0,0,1,0,0,5,0,0,0,0,0,0,1,0,0,0,0,1,1,1,0,0,0,0,1,0,0,0,0,2,1,0,1,0,0,0,1,0,1,0,0,1,0,64.76,77.99,69.7
9,0,0,0,0,0,0,0,0,0,0,11,0,13,1999.0,0,0,0,0,0,0,11,0,0,0,0,0,1,0,0,4,0,1,0,0,0,0,0,0,0,0,0,3,1,0,0,0,1,0,1,0,2,0,0,0,0,0,1,0,0,0,1,1,1,0,0,1,0,54.6,58.84,55.97
10,0,0,0,0,0,0,0,0,0,0,51,0,0,2004.0,0,0,0,0,0,0,11,0,0,12,0,0,1,0,0,5,0,0,0,1,0,0,1,0,0,0,0,0,0,0,1,0,0,0,1,0,0,0,0,0,0,0,1,1,0,0,0,0,0,0,0,1,0,1.75,1.52,1.74
11,0,0,0,0,0,0,0,0,0,0,9,56,0,2008.0,0,0,0,0,0,0,11,0,0,0,0,0,1,0,0,2,0,0,0,0,0,0,1,0,0,0,0,0,1,0,1,0,0,0,1,0,0,0,0,0,0,0,1,0,2,0,0,0,1,1,0,0,0,5.09,4.68,9
12,0,0,0,0,0,0,0,0,0,0,11,25,11,1993.0,22,20,17,10,22,14,11,0,11,0,0,0,1,0,0,5,0,1,0,1,0,1,0,0,0,0,0,3,1,0,0,0,1,1,1,0,1,0,0,1,0,0,1,0,2,0,1,0,1,0,0,0,0,51.46,51.85,64.51
13,0,0,0,0,0,0,0,0,0,0,11,34,0,2010.0,6,0,0,0,0,0,11,0,0,0,0,0,1,0,0,4,0,1,0,1,0,0,0,0,0,1,0,1,1,0,0,0,0,1,0,1,0,0,0,0,0,0,1,0,2,2,1,0,1,0,0,0,0,37.28,40.86,41.6
14,0,0,0,0,0,0,0,0,1,34,11,0,5,2009.0,0,0,45,0,0,0,11,0,0,13,0,0,1,0,0,4,4,0,0,0,0,1,0,0,0,0,0,0,1,0,0,0,0,1,0,0,1,0,0,0,0,0,1,1,2,2,1,0,1,0,0,0,0, -   ,9.95,10.24
15,0,0,0,0,0,0,0,0,0,0,11,0,0,1983.0,0,0,0,0,0,0,11,0,0,0,0,0,1,0,0,2,0,0,0,0,0,0,1,0,0,0,0,3,0,0,0,1,1,1,1,0,1,0,0,0,0,0,1,1,2,0,1,0,1,1,0,0,0,5.57,5.15,5.18
16,0,0,0,0,0,0,0,0,0,39,11,44,0,2001.0,0,0,0,0,0,0,11,0,0,0,0,0,1,0,0,7,0,1,0,0,0,0,0,0,0,0,0,0,1,2,0,0,0,0,0,0,0,0,0,0,0,0,0,2,1,0,0,0,0,0,0,1,0,11.37,14.88,14.87
17,0,0,0,0,0,0,0,0,0,0,11,39,70,2002.0,35,0,41,0,1,1,11,0,26,14,0,0,1,0,0,1,0,1,0,1,0,0,1,0,0,0,0,3,1,0,1,0,0,1,0,0,0,0,0,0,0,0,1,0,2,2,1,0,1,0,0,0,0,47.87,85.99,57.93
18,0,0,0,0,0,0,0,0,11,0,11,59,20,1987.0,39,0,0,0,0,21,11,0,0,0,0,0,1,0,0,7,2,0,0,0,0,0,1,0,0,0,0,1,1,0,1,0,0,0,1,0,0,0,0,0,0,0,1,0,2,0,0,0,1,0,0,0,0,62.67,100.47,80.99
19,0,0,0,0,0,0,0,0,0,0,11,57,50,2002.0,30,0,11,0,35,0,11,0,15,0,0,0,1,0,0,6,0,1,0,1,0,0,1,0,0,0,0,3,1,0,0,0,1,0,1,0,0,0,0,1,1,0,1,0,2,2,0,1,1,0,0,1,0,55.05,115,54.93
20,0,0,0,0,0,0,0,0,0,0,11,0,55,2002.0,0,0,33,0,0,0,11,0,24,0,0,0,1,0,0,5,0,1,0,1,0,0,1,0,0,1,0,1,1,1,1,0,0,1,0,0,0,0,0,0,0,0,1,0,2,2,1,0,1,0,0,1,0,29.48,29.09,31.64
21,0,0,0,0,0,0,0,0,0,0,54,0,0,2006.0,17,0,0,33,0,18,11,0,0,0,0,0,1,0,0,2,4,1,0,0,0,0,1,0,0,0,0,3,1,0,0,0,0,0,0,0,0,0,0,0,1,0,1,0,2,2,1,0,1,0,0,0,0,2.29,2.42,1.38
22,0,0,0,0,0,0,0,0,0,0,51,67,0,2004.0,0,0,0,0,0,7,11,0,0,0,0,0,1,0,0,5,0,0,0,0,0,0,1,0,0,0,0,1,1,0,1,1,0,0,1,0,0,0,0,0,0,0,1,0,2,2,0,0,1,0,0,0,0,2.71,4.22,3.43
23,0,0,0,0,0,0,0,0,0,0,14,0,0,2003.0,0,0,0,0,0,0,11,0,0,0,0,0,1,0,0,5,0,0,0,0,0,0,1,0,0,0,0,1,1,0,0,0,1,0,1,0,0,0,0,0,1,0,1,1,2,0,0,0,1,0,0,1,0,19.46,26.95,15.07
24,0,0,0,0,0,0,0,0,0,0,14,0,0,2004.0,0,0,0,0,0,0,11,0,0,0,0,0,1,0,0,5,0,0,0,0,0,0,1,0,0,0,0,1,1,0,0,0,1,0,1,0,0,0,0,0,1,0,1,0,2,0,0,0,1,0,0,1,0,2.32,2.71,2.7
25,0,0,0,0,0,0,0,0,0,0,11,0,0,2008.0,21,23,0,0,0,0,11,0,0,0,0,0,1,0,0,1,0,0,0,1,0,0,1,0,0,0,0,3,1,0,0,0,0,0,0,0,0,0,0,0,1,0,1,0,2,0,1,0,1,0,0,0,0,99.25,108.41,118.38
26,0,0,0,0,0,0,0,0,0,0,11,0,0,2007.0,0,0,0,0,0,0,11,0,0,0,0,0,1,0,0,1,0,0,0,1,0,0,1,0,0,0,0,0,1,0,0,0,0,0,0,0,0,0,0,0,1,0,1,1,2,0,1,0,1,0,0,0,0,41.66,42.6,45.67
27,0,0,0,0,0,0,0,0,0,101,11,0,14,1983.0,0,0,8,32,20,0,11,11,6,0,0,0,1,0,0,1,0,0,0,0,0,0,0,0,0,0,0,3,1,0,0,0,0,0,0,0,1,0,0,0,0,0,1,0,0,0,1,0,1,0,0,0,2,64.45,65.72,65.85
28,0,0,0,0,0,0,0,0,0,0,12,0,0,2003.0,0,0,0,0,0,0,11,0,0,0,0,0,1,0,0,4,0,1,0,0,0,0,1,0,0,0,0,0,1,0,0,0,0,0,0,0,0,0,0,0,0,0,1,1,2,2,0,0,1,0,0,0,0,1.08,2,1.83
29,0,0,0,0,0,0,0,0,0,0,12,0,0,2002.0,0,0,0,0,0,0,11,0,0,0,0,0,1,0,0,6,0,0,0,0,0,0,1,0,0,0,0,0,1,0,0,0,0,0,0,0,1,0,0,0,0,0,1,1,0,2,0,0,1,0,0,1,0,3.97,5.79,5.41
30,0,0,0,0,0,0,0,0,0,0,12,69,7,,0,0,0,0,0,0,11,0,0,0,0,0,1,0,0,1,0,0,0,0,0,0,0,0,0,0,0,1,0,0,0,0,0,0,0,0,0,0,0,0,0,0,1,0,0,0,0,0,1,0,0,0,0,11.5,22.9,13.74
31,0,0,0,0,0,0,0,0,0,0,11,0,50,1998.0,12,27,35,25,0,0,11,0,0,0,0,0,1,0,0,7,0,0,0,0,0,0,1,0,0,0,0,1,1,1,0,0,1,0,1,0,0,1,0,0,0,0,1,0,0,0,1,0,1,2,1,0,0,15.85,17.18,16.73
32,0,0,0,0,0,0,0,0,0,0,11,0,71,2001.0,0,0,39,0,0,0,11,0,0,0,0,0,1,0,0,3,0,1,0,0,0,0,1,0,0,1,0,1,1,0,1,0,0,0,0,0,1,1,0,0,0,0,2,0,0,0,0,1,1,0,1,1,0,12.8,13.39,13.35
33,0,0,0,0,0,0,0,0,0,0,11,0,0,1998.0,0,0,0,0,0,0,11,0,0,0,0,0,1,0,0,3,0,1,0,0,0,0,1,0,0,1,0,1,1,1,0,0,0,0,0,0,1,0,0,0,0,0,2,1,2,0,0,0,1,0,0,1,0,29.74,31.13,32.06
34,0,0,0,0,0,0,0,0,6,0,11,0,17,1991.0,0,0,13,0,0,0,11,0,0,0,0,0,1,0,0,5,1,0,0,1,0,0,0,0,0,1,0,1,1,1,1,0,1,0,1,0,1,0,0,1,0,0,1,0,2,0,1,0,1,1,0,1,0,40.47,42.5,44.75
35,0,0,0,0,0,0,0,0,0,0,11,0,2,1994.0,0,0,0,0,0,0,11,0,0,0,0,0,1,0,0,5,0,1,0,0,0,0,1,0,0,1,0,3,1,1,0,1,0,0,0,0,1,0,1,0,1,0,1,0,2,0,1,0,1,0,0,1,0,5.93,6.88,6.92
36,0,0,0,0,0,0,0,0,0,0,62,0,57,1997.0,0,0,34,0,0,0,10,0,25,0,0,0,1,0,0,4,0,1,0,1,0,1,0,0,0,0,0,3,1,0,1,0,0,0,0,1,0,0,0,1,0,0,1,1,0,0,0,0,0,1,0,0,0,1.552,1.7,1.648
37,0,0,0,0,0,0,0,0,0,0,62,0,17,2008.0,0,0,23,0,0,0,10,0,0,0,0,0,2,0,0,4,0,0,0,1,0,1,0,2,0,0,0,0,1,0,0,0,0,0,0,0,1,0,0,0,0,0,1,0,0,0,0,0,0,0,0,0,0,0.581,1.209,1.31
38,0,0,0,0,0,0,0,0,0,136,62,87,59,2002.0,0,0,31,0,0,0,10,0,0,0,0,3,2,0,0,6,6,0,3,1,2,0,0,0,2,0,1,1,0,0,0,0,0,0,0,0,0,0,0,0,1,0,1,0,0,0,1,0,0,0,0,0,0,0.144,0.539,0.3
39,0,0,0,0,0,0,0,0,0,78,16,0,38,2008.0,34,5,0,0,18,11,10,4,0,1,0,0,3,0,0,2,0,1,0,1,0,1,0,0,0,0,0,3,1,0,0,0,0,0,0,0,1,0,0,0,1,0,1,0,0,2,0,0,0,0,0,0,2,7.8,7,7
40,0,0,0,0,0,0,0,0,0,86,16,1,37,2010.0,1,21,0,0,16,0,10,17,0,9,0,0,2,0,0,3,0,0,0,1,0,0,0,0,0,0,0,3,1,0,0,0,0,0,0,1,1,0,0,0,0,0,1,0,2,2,0,0,0,0,0,0,2, -   , -   ,2
41,0,0,0,0,0,0,0,0,0,82,2,0,0,2007.0,0,0,0,0,0,0,10,0,0,0,0,0,2,0,0,5,0,0,0,0,0,0,0,0,0,0,0,0,1,2,0,0,1,0,0,0,0,0,0,0,0,0,0,0,1,0,0,0,0,0,0,1,0,1.8,1.8,1.8
42,0,0,0,0,0,0,0,0,0,81,2,82,0,2007.0,0,0,0,0,0,0,10,0,0,0,0,0,2,0,0,3,0,1,0,0,0,0,0,0,0,0,0,0,0,0,0,0,0,0,0,0,0,0,0,0,0,0,0,2,1,0,0,0,0,0,0,0,0,1.1,1.1,1.1
43,0,0,0,0,0,0,0,0,0,84,4,0,0,2008.0,0,18,0,0,0,0,10,2,0,0,0,0,3,0,0,2,0,1,0,0,0,0,0,0,0,0,0,3,0,0,0,0,0,0,0,0,1,0,0,0,0,0,1,1,0,0,0,0,1,1,0,0,2,11.6,13,3.7
44,0,0,0,0,0,0,0,0,0,0,62,0,50,1995.0,36,32,0,0,0,0,10,0,0,0,0,0,2,0,0,4,0,0,0,1,0,1,0,0,0,0,0,3,0,0,0,1,0,0,0,1,1,0,0,0,0,0,1,0,2,0,1,0,0,0,0,0,0,1.42,1.347,1.25
45,0,0,0,0,0,0,0,0,0,85,16,28,0,2006.0,0,0,0,0,0,0,10,0,0,0,11,0,2,0,0,3,0,0,0,0,0,0,0,0,0,0,0,0,1,2,0,0,0,0,0,0,1,0,0,0,0,0,2,0,1,0,0,0,0,1,0,1,0,2,1.961,2.461
46,0,0,0,0,0,0,0,0,0,13,16,0,0,2001.0,0,0,0,0,0,0,10,0,0,0,0,0,2,0,0,5,0,0,0,0,0,0,0,0,0,0,0,0,1,2,0,0,0,0,0,0,0,0,0,0,0,0,1,0,0,0,0,0,0,1,0,1,0,2.564,2.525,2.625
47,0,0,0,0,0,0,0,0,0,12,16,71,0,2001.0,0,0,0,0,0,0,10,0,0,0,0,0,2,0,0,5,0,0,0,0,0,0,0,0,0,0,0,0,1,2,0,0,0,0,0,0,0,0,0,0,0,0,0,0,1,0,0,0,0,0,0,0,0,3.995,3.48,2.975
48,0,0,0,0,0,0,0,0,0,114,15,0,29,2004.0,49,0,27,0,0,0,10,0,12,0,0,0,2,0,0,2,0,1,0,0,0,1,0,0,0,0,0,0,1,0,0,0,0,0,0,1,1,0,0,0,0,0,1,0,0,2,1,0,0,1,0,0,0,0.3,0.3,0.3
49,0,0,0,0,0,0,0,0,0,0,6,0,39,2003.0,0,0,7,0,0,0,10,6,4,0,0,0,2,0,0,2,0,0,0,0,0,1,0,0,0,0,0,0,1,0,0,0,0,0,0,1,0,0,0,1,0,0,1,1,0,0,0,0,1,0,0,0,2,1.203,3.113,2.988
50,0,0,0,0,0,0,0,0,0,0,62,0,0,1997.0,0,0,0,0,0,0,10,0,0,4,0,0,2,0,0,6,0,1,0,0,0,0,1,0,0,0,0,3,1,0,1,0,0,0,0,1,1,0,0,0,0,0,1,1,2,0,0,0,1,0,0,0,0,0.237,0.362,0.595
51,0,0,0,0,0,0,0,0,0,0,3,0,28,1993.0,41,0,19,0,0,0,10,13,0,0,0,11,2,5,0,4,0,1,0,0,0,1,0,0,0,0,0,0,1,0,1,0,0,0,0,1,1,0,0,0,0,0,1,0,0,0,0,0,1,1,0,0,2,2.505,1.913,3.088
52,0,0,0,0,0,0,0,0,0,0,62,13,17,2009.0,14,33,0,21,7,6,10,0,0,0,0,0,2,0,0,3,0,0,0,1,0,0,1,0,0,0,0,0,0,0,0,1,0,0,0,1,0,0,0,0,0,0,1,0,0,0,0,0,1,0,0,0,0,,0.993,0.996
53,0,1,1,2,0,0,0,0,0,0,16,0,3,1989.0,0,0,10,0,0,10,10,0,0,0,0,1,3,3,0,5,0,0,6,0,0,0,1,0,3,0,2,1,1,0,1,1,0,0,0,0,0,0,0,0,0,0,1,0,0,0,1,0,1,0,0,1,0,39.711,38.298,44.502
54,0,0,0,0,0,0,0,0,0,110,15,75,0,2007.0,0,0,0,0,0,0,10,0,0,0,0,0,2,0,0,7,0,1,0,0,0,0,0,0,0,0,0,0,1,0,0,0,0,0,0,0,0,0,0,0,0,0,0,2,1,0,1,0,0,0,0,0,0,0.287,0.365,0.41
55,0,0,0,0,0,0,0,0,0,52,61,0,0,1995.0,0,0,0,0,0,0,10,0,0,0,0,0,2,0,0,4,0,1,0,0,0,0,0,0,0,0,0,0,1,0,0,0,0,0,0,0,0,0,0,0,0,0,0,2,1,0,0,0,0,0,0,0,0,,0.355,0.355
56,0,0,0,0,0,0,0,0,0,0,3,0,17,2010.0,0,0,39,0,0,0,10,20,22,0,0,0,1,0,0,4,0,0,0,1,0,1,0,0,0,0,0,3,1,0,1,0,1,1,1,1,1,0,0,1,0,0,1,0,0,2,1,0,1,1,0,0,2,,,10
57,0,0,0,0,0,0,0,0,0,0,62,0,66,,0,34,0,0,0,0,10,0,0,0,0,0,1,0,0,6,0,0,0,1,0,1,0,0,0,0,0,1,0,0,0,0,0,0,0,1,1,0,0,0,1,0,1,1,0,0,1,0,1,0,0,0,0,0.229,0.575,0.495
58,0,0,0,0,0,0,0,0,0,46,15,0,0,2006.0,0,0,0,0,12,0,10,0,0,0,0,0,2,0,0,5,0,0,0,0,0,0,0,0,0,0,0,0,1,2,0,0,0,0,0,0,0,0,0,1,0,0,0,0,1,0,0,0,0,0,0,1,0,1.358,1.547,1.032
59,0,0,0,0,0,0,0,0,0,0,62,48,0,2009.0,0,0,0,0,0,0,10,0,0,0,0,0,2,0,0,2,0,0,0,0,0,1,0,0,0,0,0,3,1,0,1,0,0,0,0,1,0,0,0,0,0,0,1,1,0,0,0,0,0,0,0,0,0,,0.453,0.3
60,0,0,0,0,0,0,0,0,0,0,16,0,18,2006.0,31,0,0,0,0,0,10,5,0,0,0,0,2,0,0,1,0,0,0,1,0,0,0,0,0,0,0,3,1,0,0,0,0,0,0,1,1,0,0,1,0,0,1,0,0,2,0,0,1,0,0,0,2,1.282,0.84,0.706
61,0,0,0,0,0,0,0,0,0,0,8,20,24,2001.0,40,0,14,0,0,0,10,10,0,0,0,0,2,0,0,6,0,0,0,0,0,0,0,0,0,0,0,0,0,0,0,1,0,0,0,0,0,0,0,0,1,0,1,0,0,0,0,0,0,0,0,0,2,0.6,0.493,0.4
62,0,0,0,0,0,0,0,0,0,0,8,43,25,2003.0,10,0,0,0,0,0,10,0,0,0,0,0,2,0,0,4,0,0,0,0,0,1,0,0,0,0,0,0,0,0,0,1,0,0,0,0,0,0,0,0,0,0,1,0,2,0,0,0,0,0,0,0,0,1.4,1.302,1
63,0,0,0,0,0,0,0,0,0,0,15,0,0,1998.0,0,11,0,0,0,0,10,0,0,0,0,0,1,0,0,7,0,1,0,0,0,0,1,0,0,0,0,1,1,1,0,0,0,0,0,1,1,0,0,0,1,0,1,0,2,0,1,0,1,0,0,1,0,0.72,0.74,0.75
64,0,0,0,0,0,0,0,0,0,0,62,23,0,2002.0,0,12,0,0,0,0,10,0,0,0,0,0,2,0,0,4,0,0,0,1,0,1,0,0,0,0,0,0,0,0,1,0,0,1,0,0,0,0,0,0,0,0,1,1,0,0,0,0,0,0,0,0,0,0.299,0.269,0.362
65,0,0,0,0,0,0,0,0,0,0,62,52,0,2006.0,37,0,0,0,0,0,10,0,0,0,0,0,1,0,0,4,0,1,0,0,0,0,1,0,0,0,0,0,0,0,0,0,0,0,0,0,1,0,0,0,1,0,1,0,2,0,0,0,1,0,0,0,0,0.35,0.35,0.345
66,0,0,0,0,0,0,0,0,0,0,62,0,34,2000.0,0,0,0,0,0,0,10,0,0,0,0,0,2,0,5,4,0,1,0,0,0,1,0,0,0,0,0,3,1,0,1,1,0,0,0,1,0,0,0,0,0,0,1,1,0,2,0,0,1,0,0,0,0,0.427,0.356,0.303
67,0,0,0,0,0,0,0,0,0,0,62,0,0,2008.0,0,0,0,0,0,0,10,0,0,0,0,0,2,0,0,2,0,1,0,0,0,1,0,0,0,0,0,3,1,0,1,0,0,0,0,1,0,0,0,0,0,0,1,1,2,0,0,0,0,0,0,1,0,0.196,0.309,0.406
68,0,0,0,0,0,0,0,0,0,54,16,30,0,1992.0,0,0,0,0,0,29,10,0,0,0,0,0,2,0,0,5,0,0,0,0,0,0,0,0,0,1,0,0,1,2,0,0,0,0,0,0,1,0,0,0,0,0,2,0,1,0,1,0,0,1,0,1,0,13.93,14.571,14.062
69,0,0,0,0,0,0,0,0,0,0,62,0,52,2009.0,0,0,41,0,0,0,10,0,0,0,0,0,2,0,0,4,0,0,0,0,0,1,0,0,0,0,0,3,0,0,1,1,0,0,0,0,0,0,0,0,0,0,1,0,0,0,0,1,0,0,0,0,0,,0.376,0.372
70,0,0,0,0,0,0,0,0,0,0,62,6,52,2009.0,0,0,0,23,5,6,10,9,0,6,0,0,2,0,0,3,0,0,0,1,0,0,0,0,0,0,0,0,0,0,0,1,0,0,0,1,0,0,0,0,0,0,1,0,0,0,0,0,1,0,0,0,2,,0.824,0.734
71,0,0,0,0,0,0,0,0,0,9,16,0,0,1980.0,0,0,0,0,0,0,10,0,0,0,0,0,2,0,0,7,0,0,0,0,0,0,0,0,0,0,0,0,1,0,0,0,0,0,0,0,0,0,0,0,0,0,0,0,0,0,0,0,0,0,0,1,0,5.2,4.3,4.4
72,0,0,0,1,0,0,0,0,0,0,6,0,27,2010.0,0,30,0,0,0,0,10,0,0,15,0,9,2,2,0,2,0,0,5,0,0,1,0,0,0,0,0,0,0,0,0,0,0,0,0,0,1,0,0,0,0,0,1,0,0,0,0,0,0,0,0,0,0,,,0.3
73,0,0,0,0,0,0,0,0,0,100,16,0,0,2010.0,0,0,0,0,0,0,10,0,0,0,0,0,2,0,0,5,0,0,0,0,0,0,0,0,0,0,0,0,1,0,0,0,0,0,0,0,0,0,0,0,0,0,0,0,1,0,0,0,0,0,0,1,0,,,0.959
74,0,0,0,0,0,0,0,0,0,0,16,0,35,1999.0,0,0,0,14,0,0,10,0,0,0,0,0,2,0,0,3,0,0,0,0,0,0,1,0,0,0,0,1,1,0,1,1,0,1,0,0,0,0,0,0,0,0,2,0,0,0,0,0,1,1,0,1,0,1.2,0.415,0.3
75,0,0,0,0,0,0,0,0,0,83,16,27,47,2008.0,29,13,0,16,25,0,10,19,0,11,0,0,3,0,0,2,0,0,0,0,0,0,0,3,0,0,0,3,0,0,0,1,0,0,0,1,1,0,0,0,0,0,1,0,2,0,1,0,0,0,0,0,2,5.8,7.8,6.5
76,0,0,0,0,0,0,0,0,0,0,16,0,16,1961.0,27,0,9,0,0,0,10,3,7,0,0,0,2,0,0,6,0,1,0,1,0,1,0,0,0,0,0,3,1,0,1,1,0,0,0,1,1,0,0,0,0,0,1,0,2,2,0,0,1,1,0,0,2,4.9,5.5,2.5
77,0,0,0,0,0,0,0,0,0,0,62,80,52,2002.0,52,0,0,0,0,0,10,0,0,0,0,0,2,0,2,2,0,0,0,1,0,1,0,0,0,0,0,0,0,0,0,0,0,0,0,1,1,0,0,0,0,0,1,0,0,0,0,0,0,0,0,0,0,0.986,0.772,0.806
78,0,0,0,0,0,0,0,0,0,2,62,0,52,2003.0,13,0,0,0,0,0,10,0,0,0,0,0,2,0,2,4,0,1,0,1,0,1,0,0,0,0,0,3,1,0,0,0,0,0,0,1,1,0,0,0,0,0,1,0,0,2,0,0,1,0,0,0,0,1.2,1,1.3
79,0,0,0,0,0,0,0,0,8,0,62,0,72,2003.0,26,0,0,0,0,0,10,12,0,0,0,0,2,0,0,2,6,0,0,1,4,1,0,0,0,0,0,3,1,0,1,0,0,0,0,0,0,0,0,0,0,0,1,0,0,0,0,0,0,0,0,0,2,,4.396,3
80,0,0,0,0,0,0,0,0,0,87,16,0,0,1997.0,0,0,0,0,0,0,10,0,0,0,0,0,2,0,0,5,0,1,0,0,0,0,0,0,0,1,0,0,1,2,0,0,0,0,0,0,1,1,0,0,0,0,2,0,1,0,1,0,0,0,0,1,0,1.624,1.678,1.585
81,0,0,0,0,0,0,0,0,0,7,5,0,0,1983.0,0,0,0,0,0,0,10,0,0,0,0,0,2,0,0,4,0,0,0,0,0,0,0,0,0,0,0,0,1,0,0,0,0,0,1,0,0,0,0,0,0,0,0,2,1,0,0,0,0,0,0,1,0,0.329,0.287,0.315
82,0,0,0,0,0,0,0,0,0,19,16,0,9,2003.0,53,0,6,0,0,0,10,0,0,0,0,0,2,0,0,2,0,1,0,0,0,1,0,0,0,0,0,3,1,0,0,0,0,0,0,1,0,0,0,1,0,0,1,0,0,0,0,0,0,0,0,0,0,8.089,4.307,4.991
83,0,0,0,0,0,0,0,0,0,0,16,42,40,2008.0,20,2,1,0,10,16,10,0,3,0,0,0,1,0,0,2,0,0,0,0,0,1,0,0,0,1,0,3,1,0,0,1,0,0,0,1,0,0,0,0,0,0,1,0,0,0,0,0,1,0,0,0,0,2.4,3,3
84,0,0,0,0,0,0,0,0,0,0,16,10,0,2008.0,5,0,0,0,0,0,10,0,0,0,0,0,2,0,0,4,0,1,0,0,0,0,0,0,0,0,0,0,1,0,0,0,0,0,0,1,1,0,0,1,0,0,1,0,2,2,0,0,1,0,0,1,0,7,10,10
85,0,0,0,0,0,0,0,0,0,0,16,0,12,2010.0,0,35,0,0,0,0,10,0,0,0,0,0,2,0,0,6,0,0,0,0,0,0,0,0,0,0,0,4,1,0,0,0,0,0,0,1,1,0,0,0,1,0,1,0,0,0,1,0,1,0,0,0,0,,,0.387
86,0,0,0,0,0,0,0,0,0,0,62,15,52,2010.0,0,0,0,28,7,6,10,11,0,0,0,0,2,0,0,3,0,0,0,1,0,0,0,0,0,0,0,0,0,0,0,1,0,0,0,1,0,0,0,0,0,0,1,0,0,0,0,0,1,0,0,0,2,,0.924,0.885
87,0,0,0,0,0,0,0,0,0,0,62,0,0,2008.0,0,4,0,0,11,0,10,0,0,0,9,0,2,0,0,4,0,1,0,0,0,0,0,0,0,0,0,0,1,0,0,1,1,0,1,0,1,0,0,0,0,0,1,1,2,2,1,0,1,0,0,0,0,0.785,4.58,6.914
88,0,0,0,0,0,0,0,0,0,0,62,41,69,2009.0,0,0,0,0,0,0,10,0,0,0,0,0,2,0,3,2,0,0,0,0,0,1,0,0,0,0,0,3,1,0,1,0,0,0,0,1,0,0,0,0,0,1,1,1,2,0,0,0,0,0,0,0,0,,0.476,0.43
89,0,0,0,0,0,0,0,0,0,0,16,7,44,2008.0,4,0,15,0,27,0,10,9,8,0,0,0,2,0,0,2,0,0,0,1,0,1,0,0,0,0,0,0,1,0,1,0,0,0,0,0,1,0,0,1,0,0,1,0,0,0,0,0,1,0,0,0,2,2.85,3.42,2.52
90,0,0,0,0,0,0,0,0,0,67,3,78,0,1990.0,0,0,0,0,0,0,10,0,0,0,0,0,2,0,0,5,0,0,0,0,0,0,0,0,0,0,0,0,1,0,0,0,0,0,1,0,0,0,0,0,0,0,0,0,1,0,0,0,0,0,0,0,0,0.758,0.966,0.9
91,0,0,0,0,0,0,0,0,0,53,16,0,0,1994.0,0,0,0,0,0,0,10,0,0,0,0,0,2,0,0,3,0,1,0,0,0,0,0,0,0,0,0,0,1,2,0,0,0,0,0,0,0,0,0,0,0,0,1,0,1,0,0,0,0,1,0,0,0,1.5,1.8,1.7
92,0,0,0,0,0,0,0,0,0,0,62,14,52,2009.0,0,17,0,22,6,6,10,8,0,0,0,0,2,0,0,3,0,0,0,1,0,0,0,0,0,0,0,0,0,0,0,1,0,0,0,1,0,0,0,0,0,0,1,0,0,0,0,0,0,0,0,0,2,,0.757,0.871
93,0,0,0,0,0,0,0,0,0,130,7,0,0,1986.0,0,0,0,0,0,0,10,0,0,0,0,0,2,0,0,5,0,0,0,0,0,0,0,0,0,0,0,0,1,0,0,0,0,0,0,0,0,0,0,0,0,0,0,2,1,0,0,0,0,0,0,0,0,1,1.1,1.3
94,0,0,0,0,0,0,0,0,0,102,3,0,0,2006.0,0,0,0,0,0,0,10,0,0,0,0,0,3,0,0,5,0,0,0,0,0,0,0,0,0,0,0,0,1,2,0,0,0,0,0,0,0,1,1,0,0,0,1,0,1,0,0,0,0,2,1,1,0,1.9,1.9,2.4
95,0,0,0,0,0,0,0,0,0,75,6,16,0,1994.0,0,0,0,0,0,0,10,0,0,0,0,0,2,0,0,2,0,0,0,0,0,0,0,0,0,0,0,0,1,0,0,0,0,0,0,0,0,0,0,0,0,0,1,0,1,0,0,0,0,0,0,0,0,1.16,1.15,1.3
96,0,0,0,0,0,0,0,0,0,0,0,0,0,1958.0,0,0,0,0,0,0,3,8,0,0,0,0,2,0,4,2,0,0,0,0,0,0,0,0,0,0,0,3,1,0,0,0,1,0,1,0,1,0,0,1,1,0,1,0,2,0,0,0,1,0,0,1,2,7.439,7.86,7.742
97,0,0,0,0,0,0,0,0,0,95,0,0,0,2005.0,0,0,0,0,0,0,3,0,0,0,8,0,2,0,0,7,0,0,0,0,0,0,0,0,0,1,0,0,1,2,0,0,1,0,1,0,1,1,1,1,0,0,2,0,0,0,1,0,0,2,1,1,0,1.5,1.5,1.5
98,0,0,0,0,0,0,0,0,0,0,0,0,61,2010.0,0,0,0,0,0,0,3,0,0,0,0,0,2,0,0,2,0,0,0,0,0,0,0,5,0,0,0,3,0,0,0,0,0,0,0,0,1,0,0,0,1,0,1,0,0,0,0,0,0,1,0,0,0,,,1.116
99,0,0,0,0,0,0,0,0,0,0,0,0,0,1982.0,0,0,0,0,0,0,3,0,0,0,0,0,1,0,0,2,0,0,0,0,0,1,0,0,0,0,0,0,1,0,0,0,0,0,0,0,0,0,0,0,0,0,1,1,0,0,0,0,0,0,0,0,0,0.268,0.308,0.701
100,0,0,0,0,0,0,0,0,0,0,0,0,64,2007.0,0,0,0,0,0,0,3,0,0,0,0,0,2,0,0,2,2,1,0,0,0,1,0,0,0,0,0,0,0,0,0,0,0,0,0,0,1,0,0,1,1,0,1,0,0,0,0,0,0,1,0,0,0,0.45,0.75,0.9
101,0,0,0,0,0,0,0,0,0,50,0,0,0,2002.0,0,0,0,0,0,0,3,0,0,0,0,0,1,0,0,5,0,0,0,0,0,0,0,0,0,0,0,0,1,0,0,0,0,0,1,0,0,0,0,0,0,0,0,2,1,0,0,0,0,0,0,0,0,1.2,1.2,1.9
102,0,0,0,0,0,0,0,0,0,44,0,0,0,1976.0,0,0,0,0,0,0,3,0,0,0,0,0,2,0,0,7,0,1,0,0,0,0,0,0,0,0,0,0,1,2,0,0,0,0,0,0,0,0,0,0,0,0,0,2,0,0,0,0,0,0,0,1,0,0.506,0.528,0.447
103,0,0,0,0,0,0,0,0,0,99,0,0,67,1993.0,43,0,37,0,0,30,3,0,0,0,2,0,0,0,0,2,0,1,0,1,0,1,0,0,0,0,0,3,1,0,1,0,0,1,0,1,1,1,0,0,0,0,1,0,0,2,0,0,0,2,1,0,0,20,19,20
104,0,0,0,0,0,0,0,0,0,10,0,0,0,1999.0,0,0,0,9,0,0,3,0,0,0,0,0,3,0,0,4,0,0,0,0,0,0,0,0,0,0,0,0,1,0,0,0,0,0,0,0,0,0,0,1,0,0,0,0,0,0,0,0,0,0,0,0,0,1.5,1.6,1.6
105,0,0,0,0,0,0,0,0,0,108,0,4,0,2006.0,0,0,0,7,0,0,3,11,0,0,0,0,3,0,1,2,0,0,0,0,0,0,0,0,0,1,0,3,1,0,0,0,0,0,0,0,1,0,0,1,1,0,1,1,0,0,0,0,1,0,0,0,2,1,15,14
106,0,0,0,0,0,0,0,0,0,5,0,51,0,2005.0,0,0,0,6,13,0,3,0,0,0,0,0,3,0,0,5,0,0,0,0,0,0,0,0,0,0,0,0,1,2,0,0,1,0,1,0,0,0,0,0,0,0,0,0,1,0,0,0,0,0,0,1,0,19,33,47
107,0,0,0,0,0,0,0,0,0,43,0,0,0,2002.0,0,0,0,0,0,0,3,0,0,0,0,0,3,0,0,7,0,0,0,0,0,0,0,0,0,1,0,0,1,2,0,0,0,0,0,0,1,0,0,0,0,0,0,0,0,0,1,0,0,0,0,1,0,2.6,2.3,2.35
108,0,0,0,0,0,0,0,0,4,0,0,0,30,1985.0,0,0,20,0,17,0,3,0,0,0,0,0,3,0,0,2,2,1,0,0,0,1,0,0,0,0,0,3,0,0,1,0,0,0,0,1,1,0,0,0,0,0,1,0,0,0,0,0,0,0,0,0,0,1.839,1.858,1.982
109,0,0,0,0,0,0,0,0,0,6,0,35,0,1989.0,0,0,0,0,0,0,3,0,0,0,0,0,3,0,0,5,0,0,0,0,0,0,0,0,0,0,0,0,0,0,0,0,1,0,0,0,0,0,0,0,0,0,0,2,0,0,1,0,0,0,0,1,0,33.094,36.342,36.814
110,0,0,0,0,0,0,0,0,0,8,0,58,0,,0,0,0,0,0,0,3,0,0,0,0,0,2,0,0,5,0,1,0,0,0,0,0,0,0,0,0,0,1,0,0,0,0,0,0,0,0,0,0,0,0,0,0,2,1,0,1,0,0,0,0,0,0,4.5,4.5,4.5
111,0,0,0,0,0,0,0,0,0,117,37,0,0,2006.0,0,0,0,0,0,0,6,0,0,0,0,0,2,0,0,7,0,0,0,0,0,0,0,0,0,0,0,0,1,0,0,0,0,0,0,0,0,0,0,0,0,0,0,2,0,0,0,0,0,0,0,0,0,2,1.5,1.5
112,0,0,0,0,0,0,0,0,0,20,37,0,0,1982.0,0,0,0,0,0,0,6,0,0,0,0,0,2,0,0,5,0,0,0,0,0,0,0,0,0,0,0,0,0,2,0,0,1,0,1,0,0,0,0,0,0,0,0,0,1,0,1,0,0,0,0,1,0,0.6,1.3,1.5
113,0,0,0,0,0,0,0,0,0,132,46,0,0,1986.0,0,0,0,0,0,0,6,0,0,0,0,0,2,0,0,7,0,0,0,0,0,0,0,0,0,0,0,0,1,0,0,0,0,0,0,0,0,0,0,0,0,0,0,0,1,0,0,0,0,0,0,1,0,,0.316,0.394
114,0,0,0,0,0,0,0,0,0,0,37,0,0,2004.0,0,0,0,0,29,0,6,0,0,0,0,0,2,0,0,2,0,1,0,0,0,0,1,0,0,0,0,1,1,0,0,1,0,1,0,0,1,0,0,1,1,0,1,1,2,0,1,0,1,0,0,0,0,1.3,1.2,2
115,0,0,0,0,0,0,0,0,0,20,25,0,0,1995.0,0,0,0,0,0,0,6,0,0,0,0,0,2,0,0,5,0,0,0,0,0,0,0,0,0,0,0,0,0,2,0,0,1,0,1,0,0,0,0,0,0,0,0,0,0,0,0,0,0,0,0,1,0,8.224,4.239,6.388
116,0,0,0,0,0,0,0,0,0,94,37,0,0,1998.0,0,0,0,0,0,0,6,0,0,0,0,0,2,0,0,7,0,0,0,0,0,0,0,0,0,0,0,0,1,0,0,0,0,0,0,0,0,0,0,0,0,0,0,0,1,0,1,0,0,0,0,1,0,0.6,0.6,0.6
117,0,0,0,0,0,0,0,0,0,0,46,2,63,1992.0,0,1,32,0,0,0,6,0,21,19,0,0,3,0,0,4,0,1,0,1,0,0,0,0,0,0,0,0,1,0,0,0,0,1,0,1,1,0,0,0,1,0,1,1,2,2,1,0,1,0,0,0,0,3.4,3.4,3.4
118,0,0,0,0,0,0,0,0,0,0,46,0,0,1992.0,0,0,0,0,0,0,6,0,0,0,0,6,3,0,0,6,7,0,1,0,4,0,1,0,1,1,0,0,1,0,0,0,0,1,0,0,0,0,0,0,0,0,1,1,0,0,1,0,1,0,0,0,0,2,2,2.2
119,0,0,0,0,0,0,0,0,0,138,53,0,0,2009.0,0,0,0,0,0,0,5,0,0,0,0,0,3,0,0,5,0,0,0,0,0,0,0,0,0,0,0,0,0,0,0,0,0,0,1,0,0,0,0,0,0,0,0,2,1,0,1,0,0,0,0,1,0, -   ,5,5
120,0,0,0,0,0,0,0,0,0,45,39,0,0,2005.0,0,0,0,0,0,0,5,0,0,0,0,0,2,0,0,2,0,0,0,0,0,0,0,0,0,0,0,0,1,0,0,0,0,0,0,0,0,0,0,0,0,0,1,0,1,0,1,0,0,1,0,0,0,0.55,0.663,0.84
121,0,0,0,0,0,0,0,0,0,48,48,0,0,,0,0,0,0,24,0,5,0,0,0,0,0,2,0,0,7,0,0,0,0,0,0,0,0,0,0,0,0,0,0,0,0,0,0,0,0,0,0,0,0,0,0,0,0,1,0,0,0,0,0,0,0,0,,0.7,0.7
122,0,0,0,0,0,0,0,0,0,105,48,0,0,,0,0,0,0,0,0,5,0,0,0,0,0,1,0,0,2,0,0,0,0,0,0,0,0,0,0,0,0,1,0,0,0,0,0,0,0,1,0,0,0,0,0,1,2,1,0,0,0,0,1,0,0,0,,0.478,0.5
123,2,0,0,0,0,0,0,0,2,0,44,73,58,1988.0,42,0,36,0,0,25,5,0,0,0,0,10,1,7,0,7,6,1,0,0,3,0,0,0,0,0,0,3,1,0,0,1,0,0,0,0,0,0,0,1,0,0,1,0,2,0,1,0,1,0,0,1,2,1.387,1.75,2
124,0,0,0,0,0,0,0,0,0,120,44,0,0,1998.0,0,0,0,1,0,32,5,0,0,0,0,0,1,0,0,5,0,1,0,0,0,0,0,0,0,0,0,0,1,2,0,0,0,0,0,0,0,0,0,0,0,0,0,2,1,0,1,0,0,0,0,1,0,0.496,0.95,1
125,0,0,0,0,0,0,0,0,0,115,41,60,0,2001.0,0,0,0,0,0,0,5,0,0,0,0,0,2,0,0,4,0,1,0,0,0,0,0,0,0,0,0,0,1,0,0,0,0,0,0,0,0,0,0,1,0,0,0,2,1,0,0,0,0,0,0,0,0,2.3,6.4,5
126,0,0,0,0,0,0,0,0,0,47,42,0,0,1978.0,0,0,0,11,14,0,5,0,0,0,0,0,2,0,0,7,0,1,0,0,0,0,0,0,0,1,0,0,1,2,0,0,0,0,0,0,1,0,0,0,0,0,0,0,1,0,1,0,0,0,0,0,0,3.4,3.3,6.1
127,0,0,0,0,0,0,0,0,0,57,43,0,0,1995.0,0,0,0,0,0,0,5,0,0,0,0,0,2,0,0,7,0,1,0,0,0,0,0,0,0,1,0,0,1,0,0,0,0,1,0,0,1,1,0,0,0,0,2,0,0,0,0,0,0,2,1,0,0, -   , -   ,0.592
128,0,0,0,0,0,0,0,0,0,112,47,18,0,2010.0,0,0,0,0,8,0,5,0,0,0,0,0,2,0,0,7,0,1,0,0,0,0,0,0,0,1,0,0,0,0,0,0,0,0,0,0,1,0,0,0,0,0,2,2,1,0,0,0,0,0,0,1,0,,,8.968
129,0,0,0,0,0,0,0,0,0,97,57,49,0,1998.0,0,36,0,0,0,15,5,0,0,0,0,0,2,0,0,6,0,1,0,1,0,0,0,0,0,0,0,2,1,0,0,0,0,0,0,0,1,0,0,1,1,0,3,0,1,0,0,0,1,0,0,1,0,0.734,0.774,0.774
130,0,0,0,0,0,0,0,0,0,97,57,0,0,1993.0,0,0,0,0,0,3,5,0,0,0,0,0,2,0,0,7,0,0,0,0,0,0,0,0,0,0,0,0,0,2,0,0,0,0,0,0,0,0,0,0,0,0,0,0,1,0,1,0,0,0,0,1,0,0.37,0.37,0.37
131,0,0,0,0,0,0,0,0,0,96,57,0,0,1985.0,0,0,0,0,0,2,5,0,0,0,0,0,3,0,0,7,0,0,0,0,0,0,0,0,0,0,0,0,1,0,0,0,0,0,0,0,0,0,0,0,0,0,0,2,0,0,0,0,0,0,0,1,0,0.75,0.8,0.7
132,0,0,0,0,0,0,0,0,0,33,57,0,0,1999.0,0,0,0,0,0,0,5,0,0,0,0,0,3,0,0,5,0,0,0,0,0,0,0,0,0,0,0,0,1,2,0,0,0,0,0,0,0,0,0,0,0,0,0,2,1,0,0,0,0,0,0,1,0,1.472,1.422,1.422
133,0,0,0,0,0,0,0,0,0,98,57,85,0,1984.0,0,0,0,0,0,0,5,0,0,0,0,0,2,0,0,4,0,1,0,0,0,0,0,0,0,0,0,0,0,2,0,0,0,0,0,0,1,0,0,0,0,0,0,2,0,0,0,0,0,0,0,1,0,0.517,0.531,0.547
134,0,0,0,0,0,0,0,0,0,36,57,0,0,1991.0,0,0,0,5,0,0,5,0,0,0,0,0,3,0,0,5,0,0,0,0,0,0,0,0,0,0,0,0,1,2,0,0,0,0,1,0,0,0,0,0,0,0,0,0,0,0,0,0,0,0,0,1,0,6.8,6.8,7.8
135,0,0,0,0,0,0,0,0,0,66,57,0,0,1998.0,0,0,0,0,0,0,5,0,0,0,0,0,3,0,0,6,0,1,0,0,0,0,1,0,0,0,0,0,1,0,0,0,0,0,0,0,1,0,0,0,1,0,1,1,0,0,0,0,0,0,0,1,0,0.75,0.75,0.75
136,0,0,0,0,0,0,0,0,0,37,58,62,0,2004.0,0,0,0,0,0,0,5,0,0,0,0,0,3,0,0,6,0,0,0,0,0,0,0,0,0,0,0,0,1,0,0,1,1,0,1,1,0,0,0,0,1,0,3,0,0,0,0,0,0,0,0,0,1,1.849,3.768,3.722
137,0,0,0,0,0,0,0,0,0,71,58,63,0,2002.0,0,0,0,0,0,0,5,0,0,0,6,0,3,0,0,3,0,0,0,0,0,0,0,0,0,0,0,0,1,0,0,0,1,0,1,0,0,1,0,0,0,0,2,2,1,0,0,0,0,2,1,1,0,0.25,1.542,1.019
138,0,0,0,0,0,0,0,0,0,70,58,0,0,2010.0,0,0,0,0,0,0,5,0,0,0,0,0,3,0,0,5,0,0,0,0,0,0,0,0,0,0,0,0,1,2,0,0,0,0,0,0,0,0,0,0,0,0,0,2,0,0,0,0,0,0,0,1,0, -   , -   ,5
139,0,0,0,0,0,0,0,0,0,0,58,0,33,1991.0,38,0,0,0,0,0,5,0,0,0,0,2,3,1,0,4,0,0,0,0,0,1,0,0,0,0,0,0,0,0,1,0,0,0,0,0,0,0,0,1,0,0,1,0,0,0,0,0,0,0,0,0,0,1.67,1.763,2.449
140,0,0,0,0,0,0,0,0,0,113,58,61,0,2001.0,0,0,0,0,0,0,5,0,0,0,0,0,3,0,0,6,6,0,0,0,0,0,0,0,0,0,0,0,1,0,0,1,1,1,1,1,0,0,0,0,1,0,3,0,0,0,1,0,0,0,0,0,1,0.188,0.21,0.429
141,0,0,0,0,0,0,0,0,0,72,58,65,0,2004.0,0,0,0,0,0,0,5,0,0,0,0,0,3,0,0,5,0,0,0,0,0,0,0,0,0,0,0,0,1,0,0,0,1,0,1,0,1,0,0,0,0,0,0,2,1,0,0,0,0,0,0,0,0,2.583,2.497,3.802
142,0,0,0,0,0,0,0,0,0,74,58,64,0,1999.0,0,0,0,0,0,0,5,0,0,0,0,0,3,0,0,7,0,0,0,0,0,0,0,0,0,0,0,0,1,0,0,0,1,0,1,0,0,0,0,0,0,0,0,2,1,0,0,0,0,0,0,0,0,0.319,0.292,0.685
143,0,0,0,0,0,0,0,0,0,0,19,50,48,2003.0,0,0,0,0,0,0,4,0,0,0,0,0,3,0,0,1,0,0,0,0,0,0,0,0,0,0,0,0,0,0,0,1,0,0,0,0,0,0,0,0,0,0,1,0,0,0,0,0,1,0,0,0,0,76.295,52.216,63.814
144,0,0,0,0,0,0,0,0,0,0,19,0,26,2005.0,0,0,0,0,0,0,4,0,0,0,0,0,3,0,0,1,0,0,0,0,0,0,0,0,0,0,0,0,0,0,0,0,0,0,0,0,0,0,1,0,0,0,1,1,0,0,0,0,1,0,0,0,0,2.453,10.671,14.644
145,0,0,0,0,0,0,0,0,7,0,19,0,49,2007.0,47,6,18,0,0,0,4,0,18,0,0,0,1,0,0,1,6,0,0,0,0,0,0,0,0,0,0,0,0,0,1,0,0,1,0,0,0,0,0,0,0,0,1,0,0,2,0,0,0,0,0,0,0,6.454,5.137,6.149
146,0,0,0,0,0,0,0,0,0,0,40,0,73,2002.0,0,0,42,0,0,0,4,0,0,0,0,0,3,0,0,6,0,0,0,0,0,0,1,0,0,0,0,3,1,0,0,0,0,0,0,0,0,0,0,0,0,0,1,0,0,0,0,0,1,1,0,0,0,179,179,180.5
147,0,0,0,0,0,0,0,0,0,0,50,24,23,2010.0,18,19,0,0,0,0,4,0,0,0,0,0,2,0,0,1,0,1,0,1,0,1,0,0,0,0,0,3,1,0,0,1,0,1,0,0,1,0,0,0,0,0,1,0,0,2,1,0,1,1,0,0,0,,,110.5
148,0,0,0,0,0,0,0,0,0,0,55,32,42,2008.0,2,0,24,0,0,23,4,14,17,17,0,0,2,0,0,6,0,1,0,0,0,1,0,0,0,0,0,3,1,1,1,0,0,0,0,0,1,0,0,0,0,0,1,0,0,2,1,1,1,0,0,0,2,1,1,1
149,0,0,0,0,0,0,0,0,0,0,55,33,43,2008.0,0,0,25,0,0,24,4,15,16,0,0,0,2,0,0,6,0,0,0,0,0,1,0,0,0,0,0,3,1,1,1,0,0,0,0,0,1,0,0,0,0,0,1,0,2,2,1,1,1,0,0,0,2,1,1,1
150,0,0,0,0,0,0,0,0,0,90,55,0,19,1988.0,3,0,26,0,0,0,4,0,5,0,0,0,3,0,0,5,0,0,0,0,0,0,1,0,0,0,0,0,0,1,1,0,1,0,1,0,0,0,0,0,0,0,1,0,0,0,0,0,1,0,0,1,0,30,31,31
151,0,0,0,0,0,0,0,0,0,92,55,70,4,1980.0,46,0,12,0,0,0,4,0,10,0,5,0,3,0,0,5,0,1,0,0,0,0,1,0,0,1,0,1,1,1,0,0,0,0,0,0,1,1,0,0,1,0,2,0,0,0,1,0,1,2,1,0,0,8.577,8.577,9.503
152,0,0,0,0,0,0,0,0,0,0,55,38,22,2008.0,32,0,4,0,0,0,4,0,9,0,0,0,3,0,0,3,0,1,0,0,0,0,1,0,0,1,0,1,0,1,0,0,0,0,0,0,0,0,0,0,1,0,2,0,2,0,0,0,1,0,0,0,0,4.74,8.944, -   
153,0,0,0,0,0,0,0,0,0,3,55,0,0,1995.0,0,0,0,0,0,0,4,0,0,0,0,0,3,0,0,5,0,1,0,0,0,0,0,0,0,1,0,0,1,2,0,0,1,1,1,0,1,0,0,1,0,0,2,0,1,2,1,0,0,0,0,0,0,100,100,100
154,0,0,0,0,0,0,0,0,0,0,55,19,0,1972.0,15,3,0,0,0,0,4,7,0,0,0,0,3,0,0,5,0,1,0,0,0,0,0,0,0,0,0,0,0,0,0,0,0,1,0,0,0,0,0,0,0,0,1,0,0,0,1,0,1,0,0,0,2,13.9,3.5,3.65
155,0,0,0,0,0,0,0,0,0,0,55,0,0,1999.0,0,0,0,0,0,8,4,0,0,0,0,0,3,0,0,6,0,1,0,0,0,0,1,0,0,0,0,0,0,0,1,0,1,0,1,0,0,0,0,0,0,0,1,1,0,0,0,0,0,0,0,0,0,15.44,38.63,49.77
156,0,0,0,0,0,0,0,0,0,0,55,0,4,1990.0,0,0,0,0,0,0,4,0,0,0,0,0,3,0,0,5,0,1,0,0,0,0,1,0,0,0,0,0,1,1,0,0,1,0,1,0,1,0,0,0,1,0,1,0,0,0,0,0,1,0,0,0,0,31.186,35.204,34.873
157,0,0,0,0,0,0,0,0,0,0,23,0,17,2007.0,0,0,22,0,0,0,2,0,0,0,0,0,2,0,0,6,0,0,0,1,0,0,0,0,0,0,0,3,0,0,0,1,0,0,0,1,1,0,0,0,1,0,1,0,0,0,0,0,0,0,0,1,0,0.577,0.568,0.426
158,0,0,0,0,0,0,0,0,0,0,23,29,21,2005.0,19,0,0,0,34,12,2,0,0,0,0,0,3,0,0,4,0,1,0,1,0,1,0,0,0,1,0,0,1,0,0,1,0,0,0,0,1,0,0,0,1,0,1,0,0,2,1,1,1,0,0,0,0,3.831,7.704,10.388
159,0,0,0,0,0,0,0,0,0,14,5,9,0,2008.0,0,0,0,0,0,22,10,0,0,0,0,0,2,0,0,5,0,1,0,0,0,0,0,0,0,1,0,0,1,2,0,0,0,1,1,0,1,0,0,1,0,0,2,0,1,2,1,0,0,1,0,0,0,2.75,2.711,3.111
160,0,0,0,0,0,0,0,0,0,103,23,54,0,2000.0,0,0,0,0,0,28,2,0,0,0,0,0,3,0,0,5,0,1,0,0,0,0,0,0,0,0,0,0,1,2,0,0,0,0,0,0,1,0,0,0,0,0,2,0,1,2,1,0,0,1,0,1,0,13.92,14.984,14.309
161,0,0,0,0,0,0,0,0,0,42,64,0,0,1993.0,0,0,0,0,0,0,9,0,0,0,0,0,3,0,0,5,0,0,0,0,0,0,0,0,0,0,0,0,1,0,0,0,0,0,0,0,0,0,0,0,0,0,0,2,1,0,0,0,0,0,0,0,0,0.492,0.519,0.566
162,0,0,0,0,0,0,0,0,0,0,23,37,56,2002.0,0,9,40,0,2,20,2,0,0,0,0,4,3,4,0,4,0,1,0,1,0,1,0,1,0,0,0,3,1,0,0,1,0,1,0,0,1,0,0,0,1,0,1,0,0,0,1,1,1,0,0,0,0,9.55,9.7,9.7
163,0,0,0,0,0,0,0,0,0,17,20,0,0,1999.0,0,0,0,0,0,0,1,0,0,0,0,0,2,0,0,4,0,1,0,0,0,0,0,0,0,0,0,0,0,0,0,0,0,0,0,0,0,0,0,0,0,0,0,2,1,0,1,0,0,0,0,0,0,0.983,0.983,0.983
164,0,0,0,0,0,0,0,0,0,60,20,0,0,1990.0,0,0,0,0,0,0,1,0,0,0,0,0,1,0,0,4,0,1,0,0,0,0,0,0,0,0,0,0,0,0,0,0,0,0,0,0,0,0,0,0,0,0,0,2,1,0,1,0,0,0,0,0,0,5.385,5.654,5.654
165,0,0,0,0,0,0,0,0,0,121,20,0,0,2009.0,0,0,0,2,0,0,1,0,0,0,0,0,3,0,0,5,0,1,0,0,0,0,0,0,0,0,0,0,0,0,0,0,0,0,0,0,0,0,0,0,0,0,1,2,1,0,1,0,0,0,0,0,0, -   ,0.75,0.875
166,0,0,0,0,0,0,0,0,0,0,62,0,54,1999.0,0,28,38,0,15,0,10,0,20,0,0,0,2,0,0,2,0,1,0,1,0,1,0,0,0,0,0,3,1,0,0,1,0,0,0,1,1,0,0,0,1,0,1,0,2,0,1,0,0,0,0,0,0,1.921,1.847,1.823
167,0,0,0,0,0,0,0,0,0,56,49,8,0,2007.0,0,0,0,0,0,0,12,0,0,0,0,0,3,0,0,3,0,0,0,0,0,0,0,0,0,0,0,0,0,2,0,0,0,0,0,0,0,0,0,0,0,0,0,2,0,0,0,0,0,0,0,0,0,4.72,4.72,4.7
168,0,0,0,0,0,0,0,0,0,119,20,0,0,1994.0,0,0,0,0,0,0,1,0,0,0,0,0,3,0,0,5,0,0,0,0,0,0,0,0,0,0,0,0,0,0,0,0,1,0,1,0,0,0,0,0,0,0,1,2,1,0,0,0,0,1,0,1,0,1.458,0.958,1.126
169,0,0,0,0,0,0,0,0,0,109,20,0,0,2010.0,0,0,0,0,0,0,1,0,0,0,0,0,3,0,0,7,0,0,0,0,0,0,0,0,0,0,0,0,1,0,0,0,0,0,0,0,0,0,0,0,0,0,1,2,1,0,0,0,0,1,0,0,0, -   , -   ,0.364
170,0,0,0,0,0,0,0,0,0,0,23,0,0,2008.0,0,0,0,0,0,0,2,0,0,16,0,0,2,0,0,2,0,0,0,0,0,0,0,0,0,0,0,0,1,0,0,0,0,0,0,0,0,0,0,0,0,0,1,1,0,2,1,0,0,0,0,1,0,1.259,1.26,1.649
171,0,0,0,0,0,0,0,0,0,41,34,0,0,,0,0,0,0,0,0,7,0,0,0,0,0,2,0,0,5,0,0,0,0,0,0,0,0,0,0,0,0,1,0,0,0,1,0,1,0,0,1,1,0,0,0,1,2,1,0,0,0,0,1,1,0,0,70.563,83.426,68.981
172,0,0,0,0,0,0,0,0,0,68,34,45,0,1975.0,0,0,0,0,0,0,7,0,0,0,0,0,3,0,0,7,0,1,0,0,0,0,0,0,0,0,0,0,1,2,0,0,1,0,1,0,0,0,0,0,0,0,0,0,0,0,0,0,0,0,0,1,0,259.076,266.467,230.84
173,0,0,0,0,0,0,0,0,0,68,34,45,0,1975.0,0,0,0,0,0,0,7,0,0,0,0,0,3,0,0,7,0,1,0,0,0,0,0,0,0,0,0,0,1,2,0,0,1,0,1,0,0,0,0,0,0,0,0,0,0,0,0,0,0,0,0,1,0,47.571,55.552,56.883
174,0,0,0,0,0,0,0,0,0,126,31,0,0,1977.0,0,0,0,34,0,0,7,0,0,0,0,0,2,0,0,5,0,1,0,0,0,0,0,0,0,1,0,0,1,2,0,0,1,0,1,0,1,0,0,0,0,0,2,2,1,2,1,0,0,1,0,1,0,16.764,21.249,21.249
175,0,0,0,0,0,0,0,0,0,135,31,0,0,1999.0,0,0,0,36,0,0,7,0,0,0,0,0,2,0,0,4,0,1,0,0,0,0,0,0,0,0,0,0,1,0,0,0,0,0,0,0,0,0,0,0,0,0,0,2,1,0,0,0,0,0,0,0,0,0.318,0.33,0.695
176,0,0,0,0,0,0,0,0,0,137,31,81,0,2005.0,0,0,0,30,0,31,7,0,0,0,0,0,2,0,0,4,0,1,0,0,0,0,0,0,0,0,0,0,1,0,0,0,0,0,0,0,0,0,0,0,0,0,0,2,0,0,0,0,0,0,0,0,0,0.677,0.746,0.667
177,0,0,0,0,0,0,0,0,0,123,31,72,0,2001.0,0,0,0,0,0,0,7,0,0,0,0,0,2,0,0,5,0,1,0,0,0,0,0,0,0,1,0,0,1,0,0,0,1,0,1,0,1,0,0,0,0,0,1,2,1,2,1,0,0,1,0,0,0,16.443,22.335,21.412
178,0,0,0,0,0,0,0,0,0,122,31,26,0,2000.0,0,0,0,0,0,33,7,0,0,0,10,0,2,0,0,5,0,1,0,0,0,0,0,0,0,1,0,0,1,2,0,0,1,0,1,0,1,0,0,0,0,0,2,0,1,2,1,0,0,1,0,0,0,18.57,25.69,24.442
179,0,0,0,0,0,0,0,0,0,127,31,83,0,1993.0,0,0,0,40,0,0,7,0,0,0,0,0,2,0,0,5,0,1,0,0,0,0,0,0,0,1,0,0,1,2,0,0,1,0,1,0,1,0,0,0,0,0,1,2,1,0,1,0,0,1,0,0,0,3.995,7.26,6.461
180,0,0,0,0,0,0,0,0,0,128,31,84,0,1993.0,0,0,0,35,0,0,7,0,0,0,0,0,2,0,0,5,0,1,0,0,0,0,0,0,0,1,0,0,1,2,0,0,1,0,1,0,0,0,0,0,0,0,1,2,0,0,1,0,0,1,0,0,0,1.287,2.18,2.977
181,0,0,0,0,0,0,0,0,0,28,31,66,0,2001.0,0,0,0,39,0,0,7,0,0,0,0,0,2,0,0,5,0,1,0,0,0,0,0,0,0,0,0,0,1,0,0,0,1,0,1,0,0,0,0,0,0,0,1,2,0,0,1,0,0,1,0,0,0,3.029,6.725,5.78
182,0,0,0,0,0,0,0,0,0,77,26,17,31,1991.0,0,26,43,8,19,13,7,0,14,2,0,0,2,0,0,4,0,1,0,0,0,0,0,0,0,0,0,3,1,1,0,0,0,1,0,0,1,1,1,1,1,0,1,0,0,2,1,1,1,1,1,1,0,16.183,22.209,18.324
183,0,0,0,0,0,0,0,0,0,62,24,0,0,1994.0,0,0,0,3,0,0,7,0,0,0,0,0,2,0,0,4,0,1,0,0,0,0,0,0,0,0,0,0,1,0,0,0,0,0,0,0,1,0,0,0,0,0,0,2,1,2,0,0,0,0,0,0,0,6.753,7.311,6.757
184,0,0,0,0,0,0,0,0,0,63,24,0,0,1999.0,0,0,0,37,0,0,7,0,0,0,0,0,2,0,0,4,0,1,0,0,0,0,0,0,0,0,0,0,1,0,0,0,0,0,0,0,0,0,0,0,0,0,0,2,0,0,0,0,0,0,0,1,0,16.209,18.992,20.442
185,0,0,0,0,0,0,0,0,0,32,27,40,0,2009.0,0,0,0,0,0,0,7,0,0,0,0,0,2,0,0,5,0,1,0,0,0,0,0,0,0,0,0,0,1,2,0,0,1,0,1,0,1,0,0,0,0,0,0,0,1,0,1,0,0,0,0,0,0, -   ,1.449,1.449
186,0,0,0,0,0,0,0,0,0,25,27,40,0,2006.0,0,0,0,0,0,0,7,0,0,0,0,0,2,0,0,5,0,1,0,0,0,0,0,0,0,0,0,0,1,0,0,0,1,0,1,0,1,1,1,0,0,0,1,2,1,0,0,0,0,2,1,0,0,2.047,3.168,4.189
187,0,0,0,0,0,0,0,0,0,23,27,40,0,2001.0,0,0,0,0,0,0,7,0,0,0,0,0,2,0,0,5,0,1,0,0,0,0,0,0,0,0,0,0,1,0,0,0,1,0,1,0,0,1,1,0,0,0,2,2,1,0,0,0,0,2,1,1,0,0.476,0.486,0.476
188,0,0,0,0,0,0,0,0,0,131,30,0,0,2008.0,0,0,0,0,0,0,7,0,0,0,0,0,2,0,0,2,0,1,0,0,0,0,0,0,0,0,0,0,1,0,0,0,1,0,1,0,0,0,0,0,0,0,0,2,1,0,0,0,0,0,0,0,0,0.568,0.763,0.568
189,0,0,0,0,0,0,0,0,0,134,28,0,0,2008.0,0,22,0,0,0,0,7,0,0,0,0,0,2,0,0,4,0,0,0,0,0,1,0,0,0,0,0,0,0,0,1,0,0,0,0,0,1,0,0,0,0,0,1,1,0,0,1,0,1,0,0,0,0,0.348,0.711,1.06
190,0,0,0,0,0,0,0,0,0,88,32,68,0,2008.0,0,0,0,0,0,0,7,0,0,0,0,0,2,0,0,5,0,1,0,0,0,0,0,0,0,0,0,0,1,2,0,0,1,0,1,0,1,0,0,0,0,0,1,0,1,0,0,0,0,1,0,0,0,0.254,0.713,0.821
191,0,0,0,0,0,0,0,0,0,107,29,0,0,2008.0,0,0,0,19,0,19,7,0,0,0,0,0,1,0,0,4,0,1,0,0,0,0,0,0,0,0,0,0,1,0,0,0,0,0,0,0,1,0,0,0,0,0,0,2,0,0,1,0,0,0,0,0,0,0.7,0.924,0.75
192,0,0,0,0,0,0,0,0,0,15,52,0,0,2000.0,0,0,0,0,0,0,7,0,0,0,0,0,2,0,0,7,0,1,0,0,0,0,0,0,0,0,0,0,1,2,0,0,0,1,0,0,0,0,0,0,0,0,0,0,0,0,1,0,0,0,0,1,0,17.6,16.6,16.7
193,0,0,0,0,0,0,0,0,0,29,52,47,0,,0,0,0,26,0,0,7,0,0,0,0,0,2,0,0,5,0,1,0,0,0,0,0,0,0,0,0,0,1,0,0,0,1,0,1,0,0,0,0,0,0,0,0,0,0,0,0,0,0,0,0,0,0,21.54,21.48,24.81
194,0,0,0,0,0,0,0,0,0,124,52,46,0,1994.0,0,0,0,0,0,0,7,0,0,0,0,0,2,0,0,4,0,1,0,0,0,0,0,0,0,0,0,0,0,0,0,0,1,0,1,0,0,0,0,0,0,0,0,2,1,0,0,0,0,0,0,0,0,5.775,5.115,5.869
195,0,0,0,0,0,0,0,0,0,125,52,55,0,,0,0,0,31,0,0,7,0,0,0,0,0,2,0,0,7,0,0,0,0,0,0,0,0,0,0,0,0,1,0,0,0,1,0,1,0,0,0,0,0,0,0,0,0,0,0,0,0,0,0,0,0,0,2.135,2.135,2.24
196,0,0,0,0,0,0,0,0,0,30,52,0,0,1995.0,0,0,0,0,0,0,7,0,0,0,0,0,3,0,0,5,0,0,0,0,0,0,0,0,0,0,0,0,0,2,0,0,1,0,1,0,0,0,0,0,0,0,1,0,1,0,0,0,0,0,0,1,0,2.2,2.3,2.4
197,0,0,0,0,0,0,0,0,0,64,56,0,68,1997.0,0,8,0,0,0,0,7,0,0,3,0,0,2,0,0,4,0,0,0,0,0,1,0,0,0,0,0,3,0,0,1,0,0,0,0,1,0,0,0,0,0,0,1,0,0,0,0,0,0,0,0,0,0,0.761,0.358,0.342
198,0,0,0,0,0,0,0,0,0,133,56,0,0,1991.0,0,10,0,0,26,0,7,24,0,0,0,0,2,0,0,2,0,0,0,0,0,0,1,0,0,0,0,3,0,0,0,0,0,0,0,1,0,0,0,1,1,0,1,1,2,0,0,0,0,0,0,0,2,2.096,2.107,2.27
199,0,0,0,0,0,0,0,0,0,27,21,0,0,1997.0,0,0,0,12,0,0,7,0,0,0,0,0,2,0,0,4,0,1,0,0,0,0,0,0,0,0,0,0,1,2,0,0,0,0,1,0,0,0,0,0,0,0,0,0,0,0,0,0,0,0,0,1,0,1,1,1.1
200,0,0,0,0,0,0,0,0,0,116,24,0,0,2005.0,0,0,0,29,0,0,7,0,0,0,0,0,2,0,0,7,0,1,0,0,0,0,0,0,0,0,0,0,0,2,0,0,0,0,1,0,0,0,0,0,0,0,0,0,0,0,1,0,0,0,0,1,0,0.405,0.425,0.445
201,0,0,0,0,0,0,0,0,0,18,33,0,32,1992.0,0,0,0,13,0,0,7,0,0,0,0,0,2,0,0,4,0,1,0,0,0,0,1,0,0,0,0,3,1,0,0,0,0,0,0,0,1,0,0,0,0,0,1,0,0,0,0,0,1,0,0,0,0,2.164,2.464,2.295
202,0,0,0,0,0,0,0,0,0,0,33,0,62,2008.0,0,37,0,0,0,0,7,0,0,0,0,0,2,0,0,4,0,1,0,0,0,0,0,0,0,0,0,3,0,0,0,0,0,0,0,0,0,0,0,0,0,0,1,1,0,0,0,0,0,0,0,0,0,0.263, -   ,0.756
203,0,0,0,0,0,0,0,0,0,106,33,0,0,2006.0,0,0,0,0,0,0,7,0,0,0,0,0,2,0,0,4,0,1,0,0,0,0,0,0,0,1,0,0,1,2,0,0,0,0,0,0,1,0,0,0,0,0,0,2,1,0,1,0,0,0,0,1,0,1.439,2.879,1.443
204,0,0,0,0,0,0,0,0,0,0,29,0,0,2003.0,0,29,0,20,21,0,7,0,0,0,0,0,3,0,0,1,0,0,0,0,0,0,1,0,0,0,0,0,0,0,1,0,0,0,0,0,0,0,0,0,0,0,1,1,2,0,0,0,1,0,0,0,0,4.7,10.1,10.4
205,0,0,0,0,0,0,0,0,0,0,20,0,30,1986.0,0,0,0,0,0,0,1,0,0,0,0,0,2,0,0,6,0,1,0,0,0,1,0,0,0,0,0,0,0,0,0,1,0,0,0,1,0,0,0,0,0,0,1,0,0,0,0,0,1,0,0,0,0,0.5,0.5,0.5
206,0,0,0,0,0,0,0,0,0,59,20,0,0,1990.0,0,0,0,0,0,0,1,0,0,0,0,0,3,0,0,3,0,1,0,0,0,0,0,0,0,0,0,0,0,0,0,0,0,0,0,0,0,0,0,0,0,0,2,2,1,0,0,0,0,0,0,0,0,5.17, -   ,9.26
207,0,0,0,0,0,0,0,0,0,0,23,36,53,2004.0,0,14,0,0,0,27,2,1,0,0,0,0,2,0,0,6,0,0,0,0,0,0,1,0,0,0,0,0,1,0,0,0,0,0,0,0,0,0,0,0,1,0,1,0,0,0,0,0,0,0,0,0,2,0.189,0.6,0.6
208,0,0,0,0,0,0,0,0,0,0,23,0,52,2007.0,0,7,39,0,0,0,2,0,25,0,0,0,2,0,0,4,0,0,0,0,0,0,1,6,0,0,0,0,1,0,0,0,0,0,0,1,1,0,0,1,1,0,1,0,2,0,0,0,0,0,0,1,0,2.242,2.242,2.313
209,0,0,0,0,0,0,0,0,5,0,20,3,1,1914.0,28,0,2,0,0,0,1,0,0,0,0,5,3,6,0,4,3,1,0,0,1,1,0,0,0,0,0,0,1,0,0,0,0,0,0,0,1,0,0,0,1,0,1,0,0,2,1,0,1,0,0,0,0,26.367,26.316,24.275
210,0,0,0,0,0,0,0,0,0,0,23,11,65,1972.0,7,15,0,0,33,17,2,18,0,0,0,0,2,0,0,2,0,1,0,0,0,0,1,4,0,0,0,3,1,0,0,1,0,0,0,1,1,0,0,0,1,0,1,0,2,2,0,0,1,0,0,1,2,1.603,1.739,1.791
211,0,0,0,0,0,0,0,0,0,80,20,0,0,2001.0,0,0,0,0,0,0,1,0,0,0,0,0,3,0,0,5,0,1,0,0,0,0,0,0,0,1,0,0,1,2,0,0,0,0,1,0,0,1,0,0,0,0,2,2,1,2,1,0,0,0,1,1,0,3.06,3.06,3.06
212,1,0,0,0,0,1,1,0,3,0,23,77,0,1968.0,9,0,0,0,0,0,2,0,0,0,0,7,2,0,0,4,3,1,4,1,3,1,0,0,4,0,3,0,1,1,0,0,0,0,0,0,1,0,0,1,1,0,1,0,2,2,1,0,1,0,0,1,0,9.725,9.387,9.379
213,0,0,0,0,0,0,0,0,0,89,49,0,0,2009.0,0,0,0,0,0,0,12,0,0,0,0,0,3,0,0,5,0,0,0,0,0,0,0,0,0,0,0,0,0,2,0,0,0,0,0,0,0,0,0,0,0,0,0,0,1,0,0,0,0,0,0,1,0, -   ,8.4,6.6
214,0,0,0,0,0,0,0,0,0,129,49,0,0,2009.0,0,0,0,0,0,0,12,0,0,0,0,0,3,0,0,7,0,0,0,0,0,0,0,0,0,0,0,0,0,0,0,0,0,0,0,0,0,0,0,0,0,0,0,0,1,0,0,0,0,0,0,1,0, -   ,1.8,2.2
215,0,0,0,0,0,0,0,0,0,93,20,0,0,2010.0,0,0,0,17,0,0,1,0,0,0,0,0,3,0,0,7,0,0,0,0,0,0,0,0,0,0,0,0,1,0,0,0,1,0,1,0,0,0,0,0,0,0,0,2,0,0,0,0,0,0,0,1,0, -   , -   ,6.457
216,0,0,0,0,0,0,0,0,0,73,20,0,0,2005.0,0,0,0,0,0,0,1,0,0,0,12,0,3,0,0,5,0,1,0,0,0,0,0,0,0,1,0,0,1,2,0,0,1,0,1,0,1,0,0,0,0,0,1,2,1,2,1,0,0,1,0,1,0,0.709,0.761,0.857
217,3,0,0,0,0,0,0,0,12,0,23,0,72,1994.0,51,31,0,0,0,0,2,16,0,0,0,0,2,0,0,2,4,0,0,1,5,1,0,0,0,0,0,3,1,0,1,0,0,0,0,0,0,0,0,0,0,0,1,0,0,0,0,0,0,0,0,0,2, -   , -   ,3
218,0,0,0,0,0,0,0,0,0,40,20,0,0,,0,0,0,0,0,0,1,0,0,0,4,0,3,0,0,5,0,1,0,0,0,0,0,0,0,1,0,0,1,2,0,0,1,0,1,0,1,0,0,0,0,0,1,2,0,2,1,0,0,1,0,1,0,,,0.72
219,0,0,0,0,0,0,0,0,0,0,20,0,10,2010.0,0,0,21,24,0,0,1,0,0,0,0,0,3,0,0,3,0,0,0,0,0,0,0,0,0,1,0,1,0,0,1,0,0,0,0,0,0,0,0,0,0,0,2,1,0,0,0,0,1,0,0,0,0, -   , -   ,6.6
220,0,0,0,0,0,0,0,0,0,79,22,0,60,2009.0,23,0,28,0,0,0,2,0,0,0,0,0,3,0,0,6,0,0,0,0,0,0,1,0,0,0,0,3,0,0,0,0,0,0,1,0,0,0,0,0,0,0,1,0,0,0,0,0,0,0,0,0,0,0.1,0.2,0.3
221,0,0,0,0,0,0,0,0,0,76,20,0,0,1983.0,0,0,0,0,0,0,1,0,0,0,0,0,3,0,0,3,0,0,0,0,0,0,0,0,0,1,0,0,0,0,0,0,1,0,1,0,0,0,0,0,0,0,2,2,0,0,0,0,0,0,0,0,0,16.577,17.28,19
222,0,0,0,0,0,0,0,0,10,58,23,76,15,1976.0,8,16,22,0,9,26,2,21,0,0,0,8,2,0,0,4,5,1,2,0,0,0,0,0,0,1,0,1,1,0,0,1,0,1,0,1,1,0,0,0,1,3,1,0,2,2,1,0,1,0,0,1,2,2.82,3.502,4.002
223,0,0,0,0,0,0,0,0,0,0,23,0,50,2000.0,48,25,0,0,0,0,2,0,0,0,3,0,2,0,0,6,0,0,0,0,0,0,1,0,0,0,0,0,0,0,0,1,0,0,0,0,0,0,0,0,1,2,1,0,0,0,0,0,0,0,1,1,0,0.826,0.826,0.838
224,0,0,0,0,0,0,0,0,0,0,23,0,0,2008.0,0,0,0,0,0,0,2,0,0,0,0,0,3,0,0,2,0,0,0,0,0,0,0,0,0,0,0,3,0,0,0,0,0,0,0,0,0,0,0,0,1,0,1,1,2,0,0,0,1,1,0,1,0,1.245,2.53,3.07
225,0,0,0,0,0,0,0,0,0,69,20,0,0,1997.0,0,0,0,0,0,0,1,0,0,0,0,0,3,0,0,3,0,1,0,0,0,0,0,0,0,1,0,0,1,2,0,0,1,0,1,0,0,0,0,0,0,0,2,2,1,2,0,0,0,0,0,1,0,5.8,6.327,9.327
226,0,0,0,0,0,0,0,0,0,1,20,0,0,1986.0,0,0,0,0,0,0,1,0,0,0,0,0,3,0,0,7,0,0,0,0,0,0,0,0,0,0,0,0,0,2,0,0,0,0,0,0,0,0,0,0,0,0,0,2,0,0,0,0,0,0,0,1,0,2.8,2.9,2.9
227,0,0,0,0,0,0,0,0,0,0,23,74,0,2005.0,24,24,0,0,28,5,2,22,0,10,0,0,2,0,0,2,4,0,0,0,1,0,1,0,0,0,0,0,0,0,1,0,0,0,0,0,0,0,0,0,0,0,1,0,0,0,0,0,0,0,0,1,2,6.36,2.976,3.182
228,0,0,0,0,0,0,0,0,0,24,22,21,0,1993.0,0,0,0,0,0,0,2,0,0,0,0,0,1,0,0,5,0,0,0,0,0,0,0,0,0,0,0,0,1,0,0,0,0,0,1,0,1,0,0,0,0,0,0,2,1,0,0,0,0,0,0,1,0,0.511,0.627,0.74
229,0,0,0,0,0,0,0,0,0,21,23,0,0,2005.0,0,0,0,0,0,0,2,0,0,0,0,0,3,0,0,5,0,0,0,0,0,0,0,0,0,0,0,0,1,2,0,0,0,0,0,0,1,0,0,0,0,0,0,0,1,0,0,0,0,0,0,1,0,3.97,5.6,5.6
230,0,0,0,0,0,0,0,0,0,91,23,0,17,2001.0,45,0,0,0,0,0,2,0,0,0,0,0,3,0,0,6,0,0,0,1,0,1,0,0,0,0,0,0,1,0,1,0,0,0,0,0,0,0,0,0,0,0,1,0,0,0,1,0,1,0,0,0,0, -   ,0.9,0.9
231,0,0,0,0,0,0,0,0,0,51,59,0,0,1987.0,50,0,0,0,31,0,13,0,0,0,0,0,3,0,0,5,0,1,0,0,0,0,1,0,0,1,0,0,1,1,1,0,1,0,1,0,0,0,0,0,0,0,1,2,0,0,0,0,1,0,0,1,0,74.439,83.453,83.671
232,0,0,0,0,0,0,0,0,0,118,18,0,0,1991.0,0,0,0,0,0,0,13,0,0,0,0,0,3,0,0,5,0,0,0,0,0,0,0,0,0,0,0,0,0,2,0,0,0,0,0,0,0,0,0,0,0,0,0,2,1,0,0,0,0,0,0,1,0,1.961,1.989,2.006
233,0,0,0,0,0,0,0,0,0,104,18,0,0,2006.0,0,0,0,0,0,0,13,0,0,0,0,0,3,0,0,4,0,0,0,0,0,0,0,0,0,0,0,0,0,0,0,0,0,0,0,0,0,0,0,0,0,0,1,2,0,0,0,0,0,1,0,0,0,1.114,1.13,1.14
234,0,0,0,0,0,0,0,0,0,16,18,0,0,1980.0,0,0,0,0,0,0,13,0,0,0,0,0,3,0,0,2,0,0,0,0,0,0,0,0,0,0,0,0,0,0,0,0,1,0,1,0,0,0,0,0,0,0,1,2,1,0,0,0,0,1,0,0,0,0.642,0.648,0.652
235,0,0,0,0,0,0,0,0,0,22,17,0,0,1990.0,0,0,0,0,0,4,13,0,0,0,0,0,3,0,0,5,0,0,0,0,0,0,0,0,0,1,0,0,1,2,0,0,0,0,0,0,0,0,0,0,0,0,0,2,1,0,0,0,0,0,0,0,0,13.2,14.1,16.4
236,0,0,0,0,0,0,0,0,0,0,63,0,36,2006.0,0,0,44,0,0,0,12,0,13,0,0,0,1,0,0,5,0,1,0,0,0,0,0,0,0,1,0,3,1,0,0,1,0,1,1,0,1,0,0,1,0,0,2,0,2,2,1,1,1,1,0,1,0,1,1.418,2.838
237,0,0,0,0,0,0,0,0,0,111,23,0,0,2001.0,0,0,0,0,0,0,2,0,0,0,0,0,3,0,0,7,0,0,0,0,0,0,0,0,0,0,0,0,1,2,0,0,0,0,0,0,1,1,0,0,0,0,1,0,0,0,1,0,0,2,1,1,0,0.468,0.62,0.603
238,0,0,0,0,0,0,0,0,0,31,35,86,0,1972.0,0,0,0,38,0,0,7,0,0,0,0,0,3,0,0,5,0,1,0,0,0,0,0,0,0,1,0,0,1,2,0,0,0,0,1,0,0,0,0,0,0,0,0,2,0,0,1,0,0,0,0,1,0,10.331,14.661,10.144
239,0,0,0,0,0,0,0,0,0,38,36,0,0,1987.0,0,0,0,0,0,0,3,0,0,0,0,0,3,0,0,7,0,1,0,0,0,0,0,0,0,0,0,0,0,2,0,0,0,0,0,0,0,0,0,0,0,0,0,0,1,0,0,0,0,0,0,0,0,,1.5,1.6
240,0,0,0,0,0,0,0,0,0,55,60,0,0,2007.0,0,0,0,0,0,0,8,0,0,0,0,0,3,0,0,7,0,0,0,0,0,0,0,0,0,0,0,0,1,2,0,0,0,0,0,0,0,0,0,0,0,0,0,2,1,0,0,0,0,0,0,1,0,3.5,2.5,2.5
241,0,0,0,0,0,0,0,0,0,4,60,0,0,2007.0,0,0,0,0,0,0,8,0,0,0,0,0,3,0,0,7,0,0,0,0,0,0,0,0,0,0,0,0,1,2,0,0,0,0,0,0,0,1,0,0,0,0,2,0,1,0,0,0,0,2,0,1,0,3.8,3.8,3.4
242,0,0,0,0,0,0,0,0,0,4,60,53,0,2005.0,0,0,0,0,0,0,8,0,0,0,0,0,3,0,0,5,0,0,0,0,0,0,0,0,0,0,0,0,1,0,0,0,0,0,0,0,0,1,0,0,0,0,2,2,1,0,0,0,0,2,0,0,0,0.17,0.272,0.55
243,0,0,0,0,0,0,0,0,0,65,60,0,0,,0,0,0,0,0,0,8,0,0,0,0,0,1,0,0,7,0,0,0,0,0,0,0,0,0,0,0,0,0,0,0,0,0,0,0,0,0,0,0,0,0,0,0,2,1,0,0,0,0,0,0,0,0,0.177,0.224,0.363
244,0,0,0,0,0,0,0,0,0,49,45,0,0,2007.0,0,0,0,0,0,0,5,0,0,0,0,0,2,0,0,5,0,1,0,0,0,0,0,0,0,1,0,0,1,0,0,0,0,0,0,0,0,0,0,1,0,0,0,2,1,0,1,0,0,0,0,0,0,0.366,0.46,0.625
245,0,0,0,0,0,0,0,0,0,0,11,0,51,2003.0,0,0,30,0,0,0,11,0,19,0,0,0,3,0,0,2,0,0,0,0,0,1,0,0,0,0,0,0,1,0,0,0,0,0,0,0,1,0,0,1,1,0,1,0,0,0,0,0,1,0,0,0,0,28.72,27.86,20.85
246,0,0,0,0,0,0,0,0,0,61,11,31,0,1998.0,25,0,0,27,3,0,11,0,0,0,1,0,3,0,0,5,0,0,0,0,0,0,1,0,0,0,0,1,1,1,0,0,1,0,1,1,0,0,0,0,1,0,1,0,2,0,1,0,1,1,0,1,0,92.4,61.22,75.96
247,0,0,0,0,0,0,0,0,0,0,11,0,0,1993.0,0,0,0,0,0,0,11,0,0,0,0,0,1,0,0,1,0,0,0,0,0,0,1,0,0,0,0,0,0,0,0,0,0,0,0,0,0,0,0,0,1,0,1,1,0,0,0,0,1,0,0,0,0,10.13,11.4,11.57
248,0,0,0,0,0,0,0,0,0,35,38,0,0,2006.0,0,0,0,4,0,0,11,0,0,0,7,0,2,0,0,4,0,1,0,0,0,0,0,0,0,0,0,0,1,0,0,0,1,0,1,0,1,1,1,0,0,0,1,1,2,2,1,0,1,1,1,0,0,9.9, -   ,4.85
249,0,0,0,0,0,0,0,0,0,26,27,0,0,2001.0,0,0,0,0,0,0,7,0,0,0,0,0,2,0,0,5,0,1,0,0,0,0,0,0,0,1,0,0,1,0,0,0,1,0,1,0,1,1,1,0,0,0,2,2,1,0,0,0,0,2,1,1,0,0.476,0.486,0.476
250,0,0,0,0,0,0,0,0,0,11,1,0,0,,0,0,0,0,0,0,1,0,0,0,0,0,1,0,0,2,0,0,0,0,0,0,0,0,0,0,0,0,1,0,0,0,0,0,0,0,1,0,0,0,0,0,0,2,0,0,0,0,0,0,0,0,0,,,0.488
251,0,0,0,0,0,0,0,0,0,0,55,0,0,2006.0,0,0,0,0,0,0,4,0,0,0,0,0,1,0,0,7,0,0,0,0,0,1,0,0,0,0,0,0,0,0,0,0,0,0,0,0,0,0,0,0,0,0,1,0,1,0,0,0,0,0,0,0,0,194,341,379.776
