,B) Year Established,Unnamed: 224,Unnamed: 141,Unnamed: 52,W) Measurement Instruments Used,Subagency,Unnamed: 43,Unnamed: 237,I4) Adult Learners Targeted?,Unnamed: 106,Unnamed: 13,Agency,Y3) Process or Implementation Evaluation Type,Unnamed: 252,Unnamed: 21,Unnamed: 222,Unnamed: 92,Y1) Formative Evaluation Type,Unnamed: 34,U) Measured Outputs,Unnamed: 139,Q) Legislation Required to Shift Focus?,J) Focus on Underrepresented Groups in STEM,Unnamed: 94,Unnamed: 99,G3) Research Approaches Not Used,Unnamed: 20,I1) STEM Learners Targeted? Specify.,S) Investment Partnerships,Unnamed: 145,Unnamed: 26,Unnamed: 18,Y2) Summative Evaluation Type,Unnamed: 46,N) STEM Discipline Focus,Unnamed: 226,Y4) Portfolio Evaluation/Review Type,Unnamed: 131,Unnamed: 41,Unnamed: 15,Unnamed: 39,Unnamed: 217,Unnamed: 253,Unnamed: 38,H) Educational Services or Products Produced,Unnamed: 188,Unnamed: 159,Unnamed: 36,L) Minority Serving Institutions,F1) Primary Investment Objective,Unnamed: 82,Unnamed: 83,Unnamed: 148,Unnamed: 227,Unnamed: 206,T) Partnerships with What Organization Types?,Unnamed: 156,Unnamed: 247,Unnamed: 190,Unnamed: 199,Unnamed: 201,Unnamed: 110,Unnamed: 19,Unnamed: 111, C1) Funding FY2008 , C2) Funding FY2009 , C3) Funding FY2010 
0,2002.0,5,0,2,8,13,0,33,1,0,1,11,0,0,9,0,18,1,0,0,0,1,1,0,0,1,1,0,4,0,0,0,1,1,0,0,1,0,1,1,1,0,0,1,1,0,0,1,1,3,1,1,0,0,0,1,1,0,0,1,0,0,0,0,5.24,7.19,5.7
1,2006.0,12,0,0,0,10,0,44,0,0,0,11,0,0,0,0,0,0,0,0,0,1,2,2,1,1,0,2,1,1,0,0,1,1,0,0,0,0,1,1,1,0,1,1,1,1,0,0,1,2,0,0,1,0,1,1,1,0,0,1,1,0,0,0,14,14,14
2,2007.0,79,0,0,52,10,0,0,0,0,0,11,0,0,0,0,0,1,0,0,0,1,1,0,0,0,0,0,1,1,0,0,1,0,0,0,0,0,0,1,0,1,1,1,1,1,0,0,1,3,1,0,0,0,0,1,1,0,1,1,1,0,1,0,5,5,4.37
3,2002.0,0,0,0,46,13,0,11,1,0,0,11,1,0,0,0,0,0,0,2,0,1,2,1,0,1,0,2,1,1,0,0,0,1,0,1,1,0,1,1,1,1,0,1,0,1,0,1,1,2,1,0,1,1,1,1,1,1,1,1,1,0,1,0,4.57,11.79,4.18
4,1999.0,0,0,0,6,13,0,0,1,0,1,11,0,0,0,0,0,0,0,0,0,1,1,0,0,1,0,2,1,1,0,1,0,1,0,0,0,0,1,1,1,0,1,1,1,1,0,1,1,4,1,0,1,0,1,1,1,1,1,1,1,0,1,0,1.63,2.74,2.02
5,2006.0,0,0,0,5,13,0,0,0,0,0,11,0,0,0,0,0,0,0,0,0,1,1,0,0,1,0,0,1,0,1,0,0,0,0,0,0,0,0,0,1,0,1,1,0,1,0,0,1,6,1,0,0,0,0,1,1,1,1,1,0,0,1,0,3,3,2.98
6,1995.0,0,0,0,5,13,2,0,0,0,0,11,0,0,0,0,15,0,0,0,0,1,1,0,0,1,0,2,4,0,1,0,0,0,0,0,0,0,0,0,1,0,1,1,1,0,0,0,1,2,0,0,0,0,0,0,1,1,0,0,0,0,0,0,1.1,1.12,1.1
7,1952.0,22,0,0,41,11,0,16,0,0,1,11,0,0,0,0,0,1,1,2,0,1,1,0,0,1,0,2,3,0,0,0,0,0,1,1,0,0,0,0,0,1,1,0,0,0,23,1,1,5,0,0,0,1,0,1,0,1,0,0,0,1,0,1,96.02,162.43,136.13
8,1997.0,0,0,0,45,11,2,0,0,0,1,11,0,0,0,1,0,1,0,2,0,1,1,0,0,1,0,2,3,0,0,0,0,0,1,0,0,0,0,0,0,1,1,1,0,0,0,1,1,5,0,0,0,0,0,0,1,1,0,0,0,1,1,0,64.76,77.99,69.7
9,1999.0,0,0,0,13,11,0,0,0,0,1,11,0,0,0,0,0,0,0,2,1,1,1,0,0,1,0,0,4,0,0,0,0,1,0,0,1,1,0,0,1,1,0,1,1,0,0,0,1,4,0,1,0,0,1,1,1,1,0,1,0,1,0,1,54.6,58.84,55.97
10,2004.0,0,0,0,0,51,0,0,0,0,0,11,1,0,0,0,0,0,1,0,0,1,1,0,0,1,0,2,4,0,0,0,1,0,1,0,0,0,0,0,0,0,1,0,0,0,0,1,1,5,0,0,0,0,0,1,1,0,0,0,0,1,0,0,1.75,1.52,1.74
11,2008.0,56,0,0,0,9,0,0,0,0,0,11,0,0,0,0,0,0,1,2,0,1,2,1,0,1,0,2,3,1,0,0,0,1,0,0,0,0,1,0,0,0,1,0,0,0,0,1,1,2,0,0,0,0,0,0,1,0,0,0,0,1,0,0,5.09,4.68,9
12,1993.0,25,0,0,11,11,1,22,1,0,1,11,1,0,14,0,10,0,0,2,0,1,1,0,0,1,1,2,1,1,1,1,0,1,1,0,0,0,1,0,1,1,1,1,1,1,0,0,1,5,1,0,1,0,1,1,1,1,0,1,1,1,1,1,51.46,51.85,64.51
13,2010.0,34,0,1,0,11,0,6,0,0,1,11,1,0,0,0,0,1,0,2,0,1,1,0,0,0,0,2,1,1,0,1,1,1,1,1,1,0,0,1,1,1,0,1,1,1,0,0,1,4,1,0,0,0,0,1,1,0,0,0,0,0,1,0,37.28,40.86,41.6
14,2009.0,0,34,0,5,11,0,0,1,0,1,11,0,0,0,0,0,0,0,0,0,1,1,0,0,0,0,2,4,0,1,1,0,0,0,0,0,0,0,1,1,0,1,1,0,0,0,0,1,4,1,1,0,0,0,0,1,1,0,0,0,0,1,0, -   ,9.95,10.24
15,1983.0,0,0,0,0,11,0,0,0,0,0,11,0,1,0,0,0,0,0,2,0,1,2,1,0,1,0,2,3,1,0,1,0,1,1,0,0,0,0,1,0,0,0,0,0,0,0,1,1,2,1,1,0,0,0,0,0,1,0,0,0,1,1,1,5.57,5.15,5.18
16,2001.0,44,39,0,0,11,0,0,0,0,1,11,0,0,0,2,0,0,0,2,0,1,1,0,0,0,0,1,0,0,0,0,0,1,0,0,0,0,1,0,1,0,0,1,1,0,0,0,0,7,0,0,0,0,0,0,0,0,0,0,0,0,0,0,11.37,14.88,14.87
17,2002.0,39,0,0,70,11,0,35,0,0,1,11,1,0,1,0,0,1,1,2,1,1,1,0,0,0,1,2,4,1,0,1,1,0,0,1,1,1,0,0,1,1,0,0,1,1,0,1,1,1,1,1,0,0,1,1,1,0,0,1,1,0,0,0,47.87,85.99,57.93
18,1987.0,59,0,0,20,11,0,39,0,0,0,11,0,0,21,0,0,1,1,0,0,1,1,0,0,1,1,2,2,0,0,0,0,0,1,0,0,0,0,1,0,1,1,0,0,0,0,1,1,7,1,0,0,0,0,0,1,1,0,0,0,1,0,0,62.67,100.47,80.99
19,2002.0,57,0,0,50,11,1,30,0,0,1,11,1,0,0,0,0,1,0,2,1,1,1,0,0,1,0,2,4,1,0,0,1,1,0,0,0,1,1,1,0,1,1,0,1,1,0,1,1,6,1,1,0,0,1,1,1,0,0,1,1,1,1,1,55.05,115,54.93
20,2002.0,0,0,1,55,11,0,0,0,0,1,11,1,0,0,1,0,0,1,2,1,1,1,0,0,1,0,2,2,1,0,1,0,1,0,0,0,1,1,0,1,1,1,1,1,1,0,1,1,5,1,0,0,1,0,1,1,1,1,0,0,0,0,0,29.48,29.09,31.64
21,2006.0,0,0,0,0,54,0,17,1,0,0,11,0,0,18,0,33,0,0,2,1,1,1,0,0,1,1,2,1,0,0,0,0,1,0,0,0,1,0,1,1,1,1,1,1,0,0,1,1,2,0,0,0,0,0,0,1,1,0,0,0,0,0,0,2.29,2.42,1.38
22,2004.0,67,0,0,0,51,0,0,0,0,1,11,0,1,7,0,0,0,1,0,1,1,1,0,0,1,1,2,3,1,0,0,0,1,0,0,0,1,1,0,0,1,0,0,0,1,0,1,1,5,0,0,0,1,0,0,1,0,0,0,0,1,0,0,2.71,4.22,3.43
23,2003.0,0,0,0,0,14,0,0,0,0,0,11,0,0,0,0,0,0,0,2,1,1,1,0,0,1,0,2,3,0,0,0,0,1,0,0,0,0,0,0,0,1,1,0,0,0,0,1,1,5,0,0,0,0,0,0,1,0,0,0,0,1,0,1,19.46,26.95,15.07
24,2004.0,0,0,0,0,14,0,0,0,0,0,11,0,0,0,0,0,0,0,2,1,1,1,0,0,1,0,2,3,0,0,0,0,1,0,0,0,0,0,0,0,1,1,0,0,0,0,1,1,5,1,0,0,0,0,0,1,1,0,0,0,1,0,1,2.32,2.71,2.7
25,2008.0,0,0,0,0,11,0,21,0,0,1,11,1,0,0,0,0,0,0,0,0,1,1,0,0,0,0,2,3,1,0,0,0,0,1,1,0,0,0,0,1,0,1,1,0,0,0,1,1,1,0,0,1,1,0,0,1,1,0,0,0,0,0,0,99.25,108.41,118.38
26,2007.0,0,0,0,0,11,0,0,1,0,1,11,1,0,0,0,0,0,0,0,0,1,1,0,0,0,0,2,3,1,0,0,0,0,1,0,1,0,0,1,1,0,0,1,0,0,0,1,1,1,1,1,1,0,0,0,1,1,0,0,0,0,0,0,41.66,42.6,45.67
27,1983.0,0,101,0,14,11,0,0,1,0,1,11,0,0,0,0,32,0,0,2,0,1,1,0,0,0,0,2,1,1,0,0,1,1,1,0,1,0,1,0,1,0,0,1,0,1,11,0,1,1,0,0,0,1,1,1,1,0,1,1,1,0,0,0,64.45,65.72,65.85
28,2003.0,0,0,0,0,12,0,0,0,0,1,11,0,0,0,0,0,0,0,0,0,1,1,0,0,1,0,2,3,1,0,0,0,0,0,0,0,0,0,0,1,0,1,1,1,0,0,1,1,4,1,0,0,0,0,0,1,1,0,0,0,0,0,0,1.08,2,1.83
29,2002.0,0,0,0,0,12,0,0,0,0,1,11,0,0,0,0,0,1,0,0,0,1,1,0,0,1,0,2,1,1,0,0,1,1,0,0,1,0,0,0,0,0,0,1,0,0,0,1,1,6,1,0,0,0,0,0,1,0,0,1,0,0,0,0,3.97,5.79,5.41
30,,69,0,0,7,12,0,0,0,0,0,11,0,0,0,0,0,1,0,0,0,1,1,0,0,0,0,0,1,1,0,0,0,0,0,0,1,0,0,0,0,1,0,0,0,1,0,0,1,1,1,1,0,0,0,1,1,0,1,0,1,0,0,0,11.5,22.9,13.74
31,1998.0,0,0,0,50,11,0,12,0,0,1,11,0,0,0,1,25,0,0,2,0,1,2,2,1,0,0,2,2,0,0,0,1,1,1,0,1,0,0,1,1,1,0,0,0,1,0,1,1,7,0,1,0,0,1,1,1,0,1,0,1,1,1,1,15.85,17.18,16.73
32,2001.0,0,0,1,71,11,0,0,0,0,0,11,0,0,0,0,0,0,1,2,0,1,2,0,1,0,0,0,3,1,0,0,0,1,1,1,1,0,1,0,1,1,0,1,1,0,0,1,2,3,1,0,0,1,0,0,1,1,0,0,0,0,0,0,12.8,13.39,13.35
33,1998.0,0,0,1,0,11,0,0,0,0,1,11,0,0,0,1,0,0,0,2,0,1,2,0,0,0,0,2,3,0,0,0,1,1,1,0,0,0,0,1,0,1,1,1,1,0,0,1,2,3,1,0,0,0,0,0,0,0,0,0,0,0,1,0,29.74,31.13,32.06
34,1991.0,0,0,1,17,11,1,0,1,0,1,11,1,0,0,1,0,0,1,0,0,1,2,1,0,0,0,2,4,1,0,0,0,1,1,1,0,0,1,0,0,1,1,0,0,1,0,0,1,5,0,0,0,1,1,1,1,1,1,1,0,1,1,1,40.47,42.5,44.75
35,1994.0,0,0,1,2,11,0,0,1,0,1,11,0,1,0,1,0,1,0,2,0,1,2,0,0,0,0,2,1,1,0,0,1,1,1,1,1,0,1,0,1,1,0,1,1,1,0,1,1,5,1,1,0,1,0,1,1,0,1,1,0,0,1,0,5.93,6.88,6.92
36,1997.0,0,0,0,57,62,1,0,1,0,1,10,1,0,0,0,0,1,1,2,0,1,2,1,0,1,0,2,3,0,1,0,1,0,0,0,1,1,0,0,1,0,0,1,1,0,0,0,1,4,0,0,0,0,0,0,0,0,0,0,0,0,0,0,1.552,1.7,1.648
37,2008.0,0,0,0,17,62,0,0,0,0,1,10,1,0,0,0,0,1,0,2,1,2,2,0,0,0,0,0,3,0,1,0,1,0,0,1,0,1,0,0,0,0,1,1,0,0,0,0,1,4,0,0,0,0,0,0,0,0,0,0,0,0,0,0,0.581,1.209,1.31
38,2002.0,87,136,0,59,62,0,0,1,0,1,10,1,0,0,0,0,1,0,1,0,2,1,0,0,1,0,0,2,0,0,0,1,0,0,0,0,0,0,1,1,1,1,1,0,1,0,0,1,6,1,0,0,0,1,0,0,0,0,0,1,0,0,0,0.144,0.539,0.3
39,2008.0,0,78,0,38,16,0,34,1,0,0,10,1,0,11,0,0,0,0,2,0,3,1,0,0,0,1,2,1,0,1,0,0,1,0,0,1,1,0,1,1,1,0,1,1,0,4,0,1,2,0,0,0,0,1,1,1,1,1,1,1,0,0,0,7.8,7,7
40,2010.0,1,86,0,37,16,0,1,1,0,1,10,1,0,0,0,0,0,0,2,1,2,1,0,0,1,0,2,1,0,0,0,0,1,0,0,0,1,0,1,1,1,1,1,0,0,17,0,1,3,1,0,0,0,1,0,1,1,1,1,0,0,0,0, -   , -   ,2
41,2007.0,0,82,0,0,2,0,0,0,0,0,10,0,0,0,2,0,0,0,2,0,2,1,0,0,0,0,1,0,0,0,0,0,0,0,0,0,0,1,0,0,0,0,0,0,0,0,0,0,5,0,0,0,0,0,0,0,0,0,0,0,0,0,1,1.8,1.8,1.8
42,2007.0,82,81,0,0,2,0,0,0,0,0,10,0,0,0,0,0,0,0,0,0,2,1,0,0,0,0,1,0,0,0,0,0,0,0,0,0,0,0,0,1,0,0,1,1,0,0,0,0,3,0,0,0,0,0,0,0,0,0,0,0,0,0,0,1.1,1.1,1.1
43,2008.0,0,84,0,0,4,0,0,0,0,0,10,0,0,0,0,0,0,0,2,0,3,2,1,0,0,0,2,1,0,0,0,0,0,0,0,0,0,0,0,1,1,1,1,1,0,2,0,1,2,0,0,1,0,1,1,0,1,0,1,1,0,0,0,11.6,13,3.7
44,1995.0,0,0,0,50,62,0,36,1,0,1,10,1,1,0,0,0,1,0,2,0,2,1,0,0,1,0,2,1,0,1,0,1,0,0,0,1,1,1,0,1,1,0,1,0,0,0,0,1,4,1,0,0,0,0,1,0,0,1,1,1,0,0,0,1.42,1.347,1.25
45,2006.0,28,85,0,0,16,0,0,0,1,1,10,0,0,0,2,0,0,0,2,0,2,2,1,0,0,0,1,0,0,0,0,0,1,0,0,0,0,1,1,0,0,0,1,0,0,0,0,2,3,1,1,0,0,0,0,0,0,0,0,0,0,0,0,2,1.961,2.461
46,2001.0,0,13,0,0,16,0,0,0,0,0,10,0,0,0,2,0,0,0,2,0,2,2,1,0,0,0,1,0,0,0,0,0,1,0,0,0,0,1,0,0,0,0,0,0,0,0,0,1,5,0,0,0,0,0,0,0,0,0,0,0,0,0,0,2.564,2.525,2.625
47,2001.0,71,12,0,0,16,0,0,0,0,1,10,0,0,0,2,0,0,0,2,0,2,1,0,0,0,0,1,0,0,0,0,0,1,0,0,0,0,1,0,0,0,0,0,0,0,0,0,0,5,0,0,0,0,0,0,0,0,0,0,0,0,0,0,3.995,3.48,2.975
48,2004.0,0,114,0,29,15,0,49,1,0,0,10,0,0,0,0,0,0,0,2,1,2,2,1,0,1,0,2,1,0,1,0,0,0,0,0,0,1,0,0,1,0,1,1,1,1,0,0,1,2,0,0,0,0,1,0,0,0,0,1,0,0,0,0,0.3,0.3,0.3
49,2003.0,0,0,0,39,6,1,0,0,0,0,10,0,0,0,0,0,0,0,2,0,2,1,0,0,1,0,2,1,0,1,0,1,0,1,0,0,0,0,0,1,0,1,1,0,0,6,0,1,2,0,0,0,0,1,1,1,0,0,0,1,0,0,0,1.203,3.113,2.988
50,1997.0,0,0,0,0,62,0,0,1,0,1,10,0,0,0,0,0,0,1,2,0,2,1,0,0,1,0,2,2,0,0,0,0,1,0,0,1,1,0,0,1,1,0,1,1,0,0,1,1,6,0,0,0,0,0,0,0,0,0,1,0,0,0,0,0.237,0.362,0.595
51,1993.0,0,0,0,28,3,0,41,0,0,1,10,0,0,0,0,0,0,1,1,0,2,2,1,0,1,0,2,1,1,1,0,0,1,1,1,0,0,0,0,0,0,1,0,1,1,13,0,1,4,0,0,1,1,1,1,1,1,1,1,0,0,0,0,2.505,1.913,3.088
52,2009.0,13,0,0,17,62,0,14,0,0,0,10,1,1,6,0,21,0,0,1,0,2,1,0,0,1,1,0,4,0,0,0,0,0,0,0,1,1,0,0,1,0,0,0,0,0,0,1,1,3,0,0,0,0,1,1,1,1,0,0,0,0,0,0,,0.993,0.996
53,1989.0,0,0,0,3,16,0,0,0,0,1,10,0,1,10,0,0,0,1,1,1,3,1,0,0,1,1,0,1,0,0,0,0,1,0,0,0,1,1,0,0,1,0,0,0,1,0,1,1,5,1,1,0,1,1,1,1,0,1,0,0,0,0,0,39.711,38.298,44.502
54,2007.0,75,110,0,0,15,0,0,0,0,1,10,0,0,0,0,0,0,0,2,0,2,1,0,0,0,0,1,0,0,0,0,0,1,0,0,0,0,1,1,1,0,0,1,1,0,0,0,0,7,0,0,0,0,0,0,0,0,0,0,0,0,0,0,0.287,0.365,0.41
55,1995.0,0,52,0,0,61,0,0,0,0,1,10,0,0,0,0,0,0,0,2,0,2,1,0,0,0,0,1,0,0,0,0,0,1,0,0,0,0,0,1,1,0,0,0,1,0,0,0,0,4,0,0,0,0,0,0,0,0,0,0,0,0,0,0,,0.355,0.355
56,2010.0,0,0,0,17,3,1,0,0,0,0,10,1,0,0,0,0,1,1,2,0,1,2,1,0,0,0,2,1,1,1,1,0,1,1,1,0,0,0,0,1,0,1,1,0,0,20,0,1,4,0,0,1,0,1,0,1,1,0,1,1,1,1,1,,,10
57,,0,0,0,66,62,0,0,1,0,1,10,1,0,0,0,0,1,0,1,0,1,1,0,0,0,0,2,1,0,1,0,1,0,0,0,1,1,1,0,1,1,0,1,0,1,0,0,1,6,0,0,0,0,1,1,1,0,1,0,1,0,1,0,0.229,0.575,0.495
58,2006.0,0,46,0,0,15,1,0,0,0,0,10,0,0,0,2,0,0,0,2,0,2,1,0,0,0,0,1,0,0,0,0,0,0,0,0,0,0,1,0,0,0,0,0,0,0,0,0,0,5,1,1,0,0,0,0,0,0,0,0,0,0,0,0,1.358,1.547,1.032
59,2009.0,48,0,0,0,62,0,0,1,0,0,10,0,0,0,0,0,1,1,1,0,2,1,0,0,0,0,2,1,0,1,0,1,0,0,0,0,0,0,0,1,0,1,1,0,0,0,0,1,2,0,0,0,0,0,0,1,0,0,1,0,0,0,0,,0.453,0.3
60,2006.0,0,0,0,18,16,1,31,0,0,0,10,1,0,0,0,0,0,0,2,0,2,1,0,0,0,0,0,1,1,0,0,0,0,1,0,0,0,0,0,1,1,1,1,0,1,5,0,1,1,0,0,0,0,1,1,0,0,1,1,1,0,0,0,1.282,0.84,0.706
61,2001.0,20,0,0,24,8,0,40,0,0,1,10,0,1,0,0,0,0,0,1,0,2,1,0,0,1,0,0,3,0,0,0,0,0,1,0,0,0,0,0,1,0,0,0,0,0,10,0,1,6,1,1,1,0,0,0,0,1,0,0,0,0,0,0,0.6,0.493,0.4
62,2003.0,43,0,0,25,8,0,10,0,0,1,10,0,1,0,0,0,0,0,0,0,2,1,0,0,1,0,2,3,0,1,0,0,0,1,0,0,0,0,0,1,0,0,1,0,0,0,0,1,4,1,0,0,0,0,0,0,1,0,0,0,0,0,0,1.4,1.302,1
63,1998.0,0,0,0,0,15,0,0,0,0,1,10,0,0,0,1,0,0,0,2,0,1,1,0,0,1,0,2,3,0,0,0,0,1,1,0,0,0,1,1,0,1,1,0,1,0,0,1,1,7,0,0,0,1,0,0,0,1,0,0,0,0,0,0,0.72,0.74,0.75
64,2002.0,23,0,0,0,62,0,0,0,0,1,10,1,0,0,0,0,1,1,0,1,2,1,0,0,1,0,2,1,0,1,1,1,0,0,0,1,1,0,0,0,0,0,1,0,0,0,0,1,4,0,0,0,0,1,1,0,0,1,1,1,0,0,0,0.299,0.269,0.362
65,2006.0,52,0,0,0,62,0,37,1,0,1,10,0,0,0,0,0,0,0,0,1,1,1,0,0,1,0,2,3,0,0,0,0,1,0,0,0,1,0,1,1,0,1,1,1,0,0,1,1,4,1,0,1,0,0,1,0,1,0,1,0,0,0,0,0.35,0.35,0.345
66,2000.0,0,0,0,34,62,0,0,0,0,1,10,0,1,0,0,0,0,1,1,0,2,1,0,0,1,0,2,1,0,1,0,0,0,0,0,0,1,0,0,1,0,0,1,1,0,0,0,1,4,0,0,0,0,1,1,1,0,0,0,1,0,1,0,0.427,0.356,0.303
67,2008.0,0,0,0,0,62,0,0,0,0,0,10,0,0,0,0,0,0,1,2,1,2,2,0,0,1,0,2,1,0,1,0,0,0,0,0,0,0,0,0,1,0,1,0,1,0,0,0,1,2,0,0,0,0,0,1,0,1,0,1,0,0,0,0,0.196,0.309,0.406
68,1992.0,30,54,1,0,16,0,0,0,0,0,10,0,0,29,2,0,0,0,2,0,2,2,1,0,0,1,1,0,0,0,0,0,1,0,0,0,0,1,0,0,0,0,0,0,0,0,0,2,5,1,1,0,0,0,0,0,0,0,0,0,0,0,0,13.93,14.571,14.062
69,2009.0,0,0,0,52,62,0,0,0,0,1,10,0,1,0,0,0,1,1,2,0,2,1,0,0,1,0,2,3,0,1,0,1,0,0,1,1,1,0,0,1,0,0,1,0,0,0,0,1,4,0,0,1,0,0,0,0,0,0,0,0,0,0,0,,0.376,0.372
70,2009.0,6,0,0,52,62,0,0,0,0,0,10,1,1,6,0,23,1,0,0,0,2,1,0,0,1,1,0,4,0,0,0,0,0,0,0,1,1,0,0,1,0,0,0,0,0,9,0,1,3,0,0,0,0,0,1,1,1,0,0,0,0,0,0,,0.824,0.734
71,1980.0,0,9,0,0,16,0,0,0,0,0,10,0,0,0,0,0,0,0,0,0,2,1,0,0,0,0,1,0,0,0,0,0,1,0,0,0,0,1,1,0,0,0,0,0,0,0,0,0,7,0,0,0,0,0,0,0,0,0,0,0,0,0,0,5.2,4.3,4.4
72,2010.0,0,0,0,27,6,0,0,0,0,0,10,0,0,0,0,0,0,0,2,1,2,1,0,0,0,0,2,4,0,1,0,0,1,0,1,0,1,0,1,1,0,1,1,0,0,0,0,1,2,0,0,0,0,0,0,0,1,0,0,0,0,0,0,,,0.3
73,2010.0,0,100,0,0,16,0,0,0,0,1,10,0,0,0,0,0,0,0,2,0,2,1,0,0,0,0,1,0,0,0,0,0,0,0,0,0,0,1,0,0,0,0,0,0,0,0,0,0,5,0,0,0,0,0,0,0,0,0,0,0,0,0,0,,,0.959
74,1999.0,0,0,0,35,16,0,0,0,0,1,10,0,1,0,0,14,0,1,0,0,2,2,1,0,1,0,0,3,0,0,1,1,0,1,0,0,0,0,0,0,1,0,0,0,0,0,1,2,3,1,1,0,0,1,0,1,0,1,0,0,0,0,0,1.2,0.415,0.3
75,2008.0,27,83,0,47,16,0,29,1,0,0,10,0,1,0,0,16,0,0,2,1,3,1,0,0,1,0,2,2,0,0,0,0,0,0,0,0,1,0,0,1,0,0,1,0,1,19,0,1,2,1,1,0,0,1,0,1,1,1,1,1,0,0,0,5.8,7.8,6.5
76,1961.0,0,0,0,16,16,0,27,0,0,1,10,1,1,0,0,0,1,1,2,0,2,2,1,0,1,0,2,1,0,1,0,0,0,1,0,1,0,0,1,1,1,0,1,1,1,3,0,1,6,0,0,0,0,1,1,0,1,1,1,1,0,0,0,4.9,5.5,2.5
77,2002.0,80,0,0,52,62,0,52,0,0,0,10,1,0,0,0,0,1,0,2,0,2,1,0,0,1,0,2,1,0,1,0,0,0,1,0,0,0,0,0,0,0,1,1,0,0,0,0,1,2,0,0,0,0,0,0,0,1,0,0,0,0,0,0,0.986,0.772,0.806
78,2003.0,0,2,0,52,62,0,13,0,0,1,10,1,0,0,0,0,1,0,2,0,2,1,0,0,0,0,2,1,0,1,0,0,1,0,1,0,0,1,0,0,1,1,1,1,0,0,0,1,4,0,0,0,0,1,1,1,1,0,1,0,0,1,0,1.2,1,1.3
79,2003.0,0,0,0,72,62,0,26,0,0,0,10,1,0,0,0,0,0,1,2,0,2,1,0,0,1,0,2,1,0,1,0,0,0,0,0,0,1,0,0,1,0,1,1,0,1,12,0,1,2,0,0,0,0,1,1,1,1,0,1,0,0,0,0,,4.396,3
80,1997.0,0,87,1,0,16,0,0,0,0,1,10,0,0,0,2,0,0,0,2,0,2,2,0,1,0,0,1,0,0,0,0,0,1,0,0,0,0,1,0,1,0,0,1,1,0,0,0,2,5,1,1,0,0,0,0,0,0,0,0,0,0,0,0,1.624,1.678,1.585
81,1983.0,0,7,0,0,5,0,0,0,0,1,10,0,0,0,0,0,0,0,2,0,2,1,0,0,0,0,1,0,0,0,0,0,1,0,0,0,0,0,1,0,0,0,0,0,0,0,0,0,4,0,0,0,0,0,0,0,0,0,0,0,1,0,0,0.329,0.287,0.315
82,2003.0,0,19,0,9,16,1,53,0,0,0,10,0,0,0,0,0,0,0,2,1,2,1,0,0,0,0,2,2,0,1,0,1,0,0,0,0,0,0,0,1,0,1,1,1,0,0,0,1,2,0,0,0,0,0,0,1,0,0,0,0,0,0,0,8.089,4.307,4.991
83,2008.0,42,0,1,40,16,0,20,0,0,0,10,0,1,16,0,0,0,0,2,0,1,1,0,0,1,1,2,1,0,1,0,0,0,1,0,0,0,0,0,0,0,0,1,0,0,0,0,1,2,0,0,0,0,0,0,0,0,0,0,1,0,1,0,2.4,3,3
84,2008.0,10,0,0,0,16,1,5,0,0,0,10,0,0,0,0,0,0,0,0,0,2,1,0,0,1,0,2,3,0,0,0,0,1,0,0,0,0,0,1,1,0,1,1,1,0,0,0,1,4,1,0,1,0,0,0,1,1,0,0,0,0,0,0,7,10,10
85,2010.0,0,0,0,12,16,0,0,0,0,0,10,0,0,0,0,0,0,0,1,0,2,1,0,0,1,0,0,4,0,0,0,0,0,0,0,0,0,1,1,1,0,1,1,0,0,0,0,1,6,0,0,0,0,0,1,1,1,0,1,0,0,0,0,,,0.387
86,2010.0,15,0,0,52,62,0,0,0,0,0,10,1,1,6,0,28,1,0,1,0,2,1,0,0,1,1,0,4,0,0,0,0,0,0,0,1,1,0,0,1,0,0,0,0,0,11,0,1,3,0,0,0,0,1,1,1,1,0,0,0,0,0,0,,0.924,0.885
87,2008.0,0,0,0,0,62,0,0,0,1,1,10,0,1,0,0,0,1,0,2,1,2,2,0,0,1,0,2,1,1,0,0,1,0,0,0,0,1,0,1,1,0,0,1,1,1,0,0,1,4,1,0,1,0,1,1,1,0,1,1,1,1,1,1,0.785,4.58,6.914
88,2009.0,41,0,0,69,62,0,0,1,0,0,10,0,0,0,0,0,0,1,2,0,2,1,0,0,1,0,2,3,0,1,0,0,0,0,0,0,1,0,0,1,0,1,0,0,0,0,0,1,2,0,0,0,0,0,0,0,1,0,0,0,0,0,0,,0.476,0.43
89,2008.0,7,0,0,44,16,1,4,0,0,0,10,1,0,0,0,0,1,1,2,0,2,1,0,0,1,0,2,4,0,1,0,1,1,1,0,0,0,1,0,1,0,1,1,0,0,9,0,1,2,0,0,0,1,0,1,0,0,0,0,0,0,0,0,2.85,3.42,2.52
90,1990.0,78,67,0,0,3,0,0,0,0,0,10,0,0,0,0,0,0,0,0,0,2,1,0,0,0,0,1,0,0,0,0,0,0,0,0,0,0,1,0,0,0,0,0,0,0,0,0,0,5,0,0,0,0,0,0,0,0,0,0,0,1,0,0,0.758,0.966,0.9
91,1994.0,0,53,0,0,16,0,0,0,0,0,10,0,0,0,2,0,0,0,2,0,2,2,1,0,0,0,1,0,0,0,0,0,1,0,0,0,0,1,1,0,0,0,0,1,0,0,0,1,3,0,0,0,0,0,0,0,0,0,0,0,0,0,0,1.5,1.8,1.7
92,2009.0,14,0,0,52,62,0,0,0,0,0,10,1,1,6,0,22,1,0,1,0,2,1,0,0,1,1,0,4,0,0,0,0,0,0,0,1,1,0,0,1,0,0,0,0,0,8,0,1,3,0,0,0,0,1,1,1,1,0,0,0,0,0,0,,0.757,0.871
93,1986.0,0,130,0,0,7,0,0,0,0,0,10,0,0,0,0,0,0,0,2,0,2,1,0,0,0,0,0,0,0,0,0,0,0,0,0,0,0,0,0,0,0,0,0,0,0,0,0,0,5,0,0,0,0,0,0,0,0,0,0,0,0,0,0,1,1.1,1.3
94,2006.0,0,102,0,0,3,0,0,0,0,0,10,0,0,0,2,0,0,0,2,0,3,2,2,1,0,0,1,0,0,0,0,0,1,0,0,0,0,1,0,1,0,0,0,0,0,0,0,1,5,0,0,0,0,0,0,0,0,0,0,0,0,0,0,1.9,1.9,2.4
95,1994.0,16,75,0,0,6,0,0,0,0,0,10,0,0,0,0,0,0,0,2,0,2,2,0,0,0,0,1,0,0,0,0,0,1,0,0,0,0,1,1,0,0,0,0,0,0,0,0,1,2,0,0,0,0,0,0,0,0,0,0,0,0,0,0,1.16,1.15,1.3
96,1958.0,0,0,0,0,0,1,0,0,0,0,3,0,0,0,0,0,0,0,2,0,2,1,0,0,1,0,2,4,0,0,0,0,1,1,1,1,0,1,1,0,0,0,1,0,1,8,0,1,2,0,0,1,1,1,1,1,1,1,0,0,1,1,1,7.439,7.86,7.742
97,2005.0,0,95,1,0,0,1,0,0,1,1,3,0,0,0,2,0,0,0,2,0,2,2,2,1,0,0,0,0,0,0,0,0,1,0,0,0,0,1,1,0,0,0,0,0,0,0,0,2,7,0,0,0,0,0,0,0,0,0,0,0,1,0,1,1.5,1.5,1.5
98,2010.0,0,0,0,61,0,0,0,0,0,0,3,0,0,0,0,0,0,0,2,0,2,2,1,0,1,0,2,1,0,0,0,0,1,0,1,0,1,0,0,1,0,1,1,0,0,0,0,1,2,0,0,0,0,0,1,1,0,0,1,0,0,0,0,,,1.116
99,1982.0,0,0,0,0,0,0,0,0,0,0,3,0,0,0,0,0,0,0,2,0,1,1,0,0,0,0,2,3,0,1,0,0,1,1,0,0,0,1,1,0,0,1,0,0,0,0,0,1,2,0,0,0,0,0,0,0,1,0,0,0,0,0,0,0.268,0.308,0.701
100,2007.0,0,0,0,64,0,1,0,0,0,0,3,0,0,0,0,0,1,0,2,0,2,2,1,0,0,0,2,1,0,1,0,0,0,0,1,0,0,0,0,0,0,1,1,1,1,0,0,1,2,0,0,0,0,1,0,0,0,0,1,0,0,0,0,0.45,0.75,0.9
101,2002.0,0,50,0,0,0,0,0,0,0,1,3,0,0,0,0,0,0,0,2,0,1,1,0,0,0,0,1,0,0,0,0,0,1,0,0,0,0,1,0,0,0,0,0,0,0,0,0,0,5,0,0,0,0,0,0,0,0,0,0,0,1,0,0,1.2,1.2,1.9
102,1976.0,0,44,0,0,0,0,0,0,0,0,3,0,0,0,2,0,0,0,2,0,2,1,0,0,0,0,1,0,0,0,0,0,1,0,0,0,0,0,0,1,0,0,0,1,0,0,0,0,7,0,0,0,0,0,0,0,0,0,0,0,0,0,0,0.506,0.528,0.447
103,1993.0,0,99,0,67,0,0,43,0,1,0,3,1,0,30,0,0,1,1,2,1,0,2,2,1,0,1,2,1,0,1,1,1,1,0,1,0,1,0,0,0,0,1,1,1,0,0,0,1,2,0,0,0,0,1,0,0,0,0,1,0,0,0,0,20,19,20
104,1999.0,0,10,0,0,0,1,0,0,0,0,3,0,0,0,0,9,0,0,2,0,3,1,0,0,0,0,0,0,0,0,0,0,1,0,0,0,0,0,1,0,0,0,1,0,0,0,0,0,4,0,0,0,0,0,0,0,0,0,0,0,0,0,0,1.5,1.6,1.6
105,2006.0,4,108,1,0,0,1,0,0,0,0,3,0,0,0,0,7,0,0,2,0,3,1,0,0,0,0,2,1,0,0,0,0,1,1,0,0,0,1,0,1,0,1,0,0,1,11,0,1,2,0,0,0,0,1,1,0,1,0,1,1,0,0,0,1,15,14
106,2005.0,51,5,0,0,0,0,0,2,0,0,3,0,0,0,2,6,0,0,0,0,3,1,0,0,0,0,1,0,0,0,0,0,1,0,0,0,0,1,0,0,0,0,0,0,0,0,0,0,5,0,0,0,0,0,0,0,0,0,0,0,1,0,1,19,33,47
107,2002.0,0,43,1,0,0,0,0,0,0,1,3,0,0,0,2,0,0,0,2,0,3,1,0,0,0,0,1,0,0,0,0,0,1,0,0,0,0,1,1,0,0,0,1,0,0,0,0,0,7,1,1,0,0,0,0,0,0,0,0,0,0,0,0,2.6,2.3,2.35
108,1985.0,0,0,0,30,0,0,0,0,0,0,3,0,0,0,0,0,0,1,2,1,3,1,0,0,1,0,2,1,0,1,0,0,0,0,1,0,1,0,0,1,0,1,1,1,0,0,0,1,2,0,0,0,0,1,0,0,0,0,0,0,0,0,0,1.839,1.858,1.982
109,1989.0,35,6,0,0,0,0,0,0,0,0,3,0,0,0,0,0,0,0,0,0,3,1,0,0,0,0,1,0,0,0,0,0,0,0,0,0,0,0,0,0,0,0,0,0,0,0,0,0,5,0,0,0,0,0,0,0,0,0,0,0,0,0,1,33.094,36.342,36.814
110,,58,8,0,0,0,0,0,0,0,1,3,0,0,0,0,0,0,0,0,0,2,1,0,0,0,0,1,0,0,0,0,0,0,0,0,0,0,0,0,0,0,0,0,1,0,0,0,0,5,0,0,0,0,0,0,0,0,0,0,0,0,0,0,4.5,4.5,4.5
111,2006.0,0,117,0,0,37,0,0,0,0,0,6,0,0,0,0,0,0,0,0,0,2,1,0,0,0,0,1,0,0,0,0,0,1,0,0,0,0,0,1,0,0,0,0,0,0,0,0,0,7,0,0,0,0,0,0,0,0,0,0,0,0,0,0,2,1.5,1.5
112,1982.0,0,20,0,0,37,0,0,0,0,0,6,0,0,0,2,0,0,0,2,0,2,1,0,0,0,0,1,0,0,0,0,0,0,0,0,0,0,1,0,0,0,0,0,0,0,0,0,0,5,0,0,0,0,0,0,0,0,0,0,0,1,0,1,0.6,1.3,1.5
113,1986.0,0,132,0,0,46,0,0,0,0,0,6,0,0,0,0,0,0,0,0,0,2,1,0,0,0,0,1,0,0,0,0,0,0,0,0,0,0,0,0,0,0,0,0,0,0,0,0,0,7,0,0,0,0,0,0,0,0,0,0,0,0,1,0,,0.316,0.394
114,2004.0,0,0,0,0,37,1,0,1,0,0,6,0,1,0,0,0,0,0,2,0,2,1,0,0,1,0,2,1,1,0,1,0,1,1,0,0,0,0,1,1,1,0,1,1,1,0,1,1,2,1,1,0,0,1,1,1,1,1,1,0,0,1,0,1.3,1.2,2
115,1995.0,0,20,0,0,25,0,0,0,0,0,6,0,0,0,2,0,0,0,2,0,2,1,0,0,0,0,1,0,0,0,0,0,0,0,0,0,0,0,0,0,0,0,0,0,0,0,0,0,5,0,0,0,0,0,0,0,0,0,0,0,1,0,1,8.224,4.239,6.388
116,1998.0,0,94,0,0,37,0,0,0,0,0,6,0,0,0,0,0,0,0,2,0,2,1,0,0,0,0,1,0,0,0,0,0,0,0,0,0,0,1,1,0,0,0,0,0,0,0,0,0,7,0,0,0,0,0,0,0,0,0,0,0,0,0,0,0.6,0.6,0.6
117,1992.0,2,0,0,63,46,0,0,1,0,1,6,1,0,0,0,0,1,0,0,0,3,1,0,0,0,0,2,1,1,0,1,1,0,0,0,0,1,0,1,1,0,1,1,1,1,0,0,1,4,1,1,1,0,1,1,1,0,1,1,1,0,1,0,3.4,3.4,3.4
118,1992.0,0,0,1,0,46,0,0,0,0,1,6,0,0,0,0,0,0,0,0,0,3,1,0,0,1,0,0,2,0,0,1,0,0,0,0,0,0,0,1,1,0,1,1,0,0,0,1,1,6,0,0,0,0,1,0,0,1,0,0,0,0,0,0,2,2,2.2
119,2009.0,0,138,0,0,53,0,0,0,0,0,5,0,0,0,0,0,0,0,2,0,3,1,0,0,0,0,1,0,0,0,0,0,0,0,0,0,0,1,0,0,0,0,0,0,0,0,0,0,5,0,0,0,0,0,0,0,0,0,0,0,1,0,0, -   ,5,5
120,2005.0,0,45,0,0,39,0,0,0,0,0,5,0,0,0,0,0,0,0,2,0,2,2,1,0,0,0,1,0,0,0,0,0,1,0,0,0,0,1,1,0,0,0,0,0,0,0,0,1,2,0,0,0,0,0,0,0,0,0,0,0,0,0,0,0.55,0.663,0.84
121,,0,48,0,0,48,0,0,0,0,0,5,0,0,0,0,0,0,0,2,0,2,1,0,0,0,0,1,0,0,0,0,0,0,0,0,0,0,1,1,0,0,0,0,0,0,0,0,0,7,0,0,0,0,0,0,0,0,0,0,0,0,0,0,,0.7,0.7
122,,0,105,0,0,48,0,0,0,0,0,5,0,0,0,0,0,0,0,0,0,1,2,1,0,0,0,1,0,0,0,0,0,0,0,0,0,0,1,1,0,0,0,0,0,0,0,0,1,2,0,0,0,0,0,0,0,0,0,0,0,0,0,0,,0.478,0.5
123,1988.0,73,0,0,58,44,1,42,0,0,1,5,0,1,25,0,0,0,0,2,0,1,1,0,0,1,1,2,1,0,0,0,0,1,0,0,0,1,0,1,0,1,0,1,1,0,0,0,1,7,1,1,0,0,1,1,0,1,0,0,0,0,0,0,1.387,1.75,2
124,1998.0,0,120,0,0,44,0,0,0,0,1,5,0,0,32,2,1,0,0,2,0,1,1,0,0,0,1,1,0,0,0,0,0,0,0,0,0,0,0,0,0,0,0,1,1,0,0,0,0,5,0,0,0,0,0,0,0,0,0,0,0,0,0,0,0.496,0.95,1
125,2001.0,60,115,0,0,41,1,0,0,0,1,5,0,0,0,0,0,0,0,2,0,2,1,0,0,0,0,1,0,0,0,0,0,0,0,0,0,0,1,1,1,0,0,0,1,0,0,0,0,4,0,0,0,0,0,0,0,0,0,0,0,0,1,0,2.3,6.4,5
126,1978.0,0,47,1,0,42,0,0,0,0,1,5,0,0,0,2,11,0,0,2,0,2,1,0,0,0,0,1,0,0,0,0,0,1,0,0,0,0,1,1,1,0,0,1,1,0,0,0,0,7,0,0,0,0,0,0,0,0,0,0,0,0,0,0,3.4,3.3,6.1
127,1995.0,0,57,1,0,43,0,0,0,0,1,5,0,0,0,0,0,0,0,2,0,2,2,2,1,0,0,0,0,0,0,1,0,1,0,0,0,0,1,1,0,0,0,1,1,0,0,0,2,7,0,0,0,0,0,0,0,0,0,0,0,0,0,0, -   , -   ,0.592
128,2010.0,18,112,1,0,47,0,0,0,1,1,5,0,0,0,0,0,0,0,2,0,2,2,0,0,0,0,1,0,0,0,0,0,1,0,0,0,0,1,1,0,0,0,1,1,0,0,0,2,7,0,0,0,0,0,0,0,0,0,0,0,0,0,0,,,8.968
129,1998.0,49,97,0,0,57,1,0,0,0,1,5,1,0,15,0,0,0,0,2,0,2,1,0,0,0,1,2,3,0,0,0,0,1,0,1,0,1,1,1,1,0,1,1,1,0,0,0,3,6,0,0,0,1,0,0,1,1,0,0,0,0,0,0,0.734,0.774,0.774
130,1993.0,0,97,0,0,57,0,0,0,0,1,5,0,0,3,2,0,0,0,2,0,2,1,0,0,0,1,1,0,0,0,0,0,0,0,0,0,0,1,1,0,0,0,0,0,0,0,0,0,7,0,0,0,0,0,0,0,0,0,0,0,0,0,0,0.37,0.37,0.37
131,1985.0,0,96,0,0,57,0,0,0,0,0,5,0,0,2,0,0,0,0,2,0,3,1,0,0,0,1,1,0,0,0,0,0,0,0,0,0,0,0,0,0,0,0,0,0,0,0,0,0,7,0,0,0,0,0,0,0,0,0,0,0,0,0,0,0.75,0.8,0.7
132,1999.0,0,33,0,0,57,0,0,0,0,1,5,0,0,0,2,0,0,0,0,0,3,1,0,0,0,0,1,0,0,0,0,0,0,0,0,0,0,0,0,0,0,0,0,0,0,0,0,0,5,0,0,0,0,0,0,0,0,0,0,0,0,0,0,1.472,1.422,1.422
133,1984.0,85,98,0,0,57,0,0,0,0,0,5,0,0,0,2,0,0,0,2,0,2,1,0,0,0,0,1,0,0,0,0,0,0,0,0,0,0,0,0,0,0,0,0,1,0,0,0,0,4,0,0,0,0,0,0,0,0,0,0,0,0,0,0,0.517,0.531,0.547
134,1991.0,0,36,0,0,57,0,0,0,0,1,5,0,0,0,2,5,0,0,2,0,3,1,0,0,0,0,1,0,0,0,0,0,0,0,0,0,0,0,0,0,0,0,0,0,0,0,0,0,5,0,0,0,0,0,0,0,0,0,0,0,1,0,0,6.8,6.8,7.8
135,1998.0,0,66,0,0,57,0,0,0,0,1,5,0,0,0,0,0,0,0,2,0,3,1,0,0,1,0,2,3,0,0,0,0,0,0,0,0,1,1,0,0,0,1,0,1,0,0,1,1,6,0,0,0,0,0,0,0,1,0,0,0,0,0,0,0.75,0.75,0.75
136,2004.0,62,37,0,0,58,0,0,0,0,1,5,0,1,0,0,0,0,0,1,1,3,1,0,0,0,0,0,3,0,0,0,1,1,0,0,1,1,1,0,0,0,0,1,0,0,0,0,3,6,0,0,0,0,0,0,0,0,0,0,0,1,0,1,1.849,3.768,3.722
137,2002.0,63,71,0,0,58,0,0,0,1,1,5,0,0,0,0,0,0,0,2,0,3,2,2,1,0,0,1,0,0,0,0,0,1,0,0,0,0,1,1,0,0,0,0,0,0,0,0,2,3,1,1,0,0,0,0,0,0,0,0,0,1,0,1,0.25,1.542,1.019
138,2010.0,0,70,0,0,58,0,0,0,0,0,5,0,0,0,2,0,0,0,2,0,3,1,0,0,0,0,1,0,0,0,0,0,0,0,0,0,0,0,0,0,0,0,0,0,0,0,0,0,5,0,0,0,0,0,0,0,0,0,0,0,0,0,0, -   , -   ,5
139,1991.0,0,0,0,33,58,1,38,0,0,1,5,0,0,0,0,0,0,1,2,1,3,1,0,0,1,0,2,3,0,1,0,0,0,0,0,0,1,0,0,0,0,1,0,0,0,0,0,1,4,0,0,0,0,0,0,0,1,0,0,0,0,0,0,1.67,1.763,2.449
140,2001.0,61,113,0,0,58,0,0,0,0,1,5,0,1,0,0,0,0,0,2,1,3,1,0,0,0,0,0,3,0,0,1,1,1,0,0,1,1,1,0,0,0,0,0,0,0,0,0,3,6,0,0,0,0,0,0,0,0,0,0,0,1,0,1,0.188,0.21,0.429
141,2004.0,65,72,0,0,58,0,0,0,0,1,5,0,0,0,0,0,0,0,2,0,3,1,0,0,0,0,1,0,0,0,0,0,1,0,0,0,0,1,0,0,0,0,0,0,0,0,0,0,5,0,0,0,0,0,0,0,0,0,0,0,1,0,1,2.583,2.497,3.802
142,1999.0,64,74,0,0,58,0,0,0,0,0,5,0,0,0,0,0,0,0,2,0,3,1,0,0,0,0,1,0,0,0,0,0,1,0,0,0,0,1,1,0,0,0,0,0,0,0,0,0,7,0,0,0,0,0,0,0,0,0,0,0,1,0,1,0.319,0.292,0.685
143,2003.0,50,0,0,48,19,0,0,0,0,0,4,0,1,0,0,0,0,0,0,0,3,1,0,0,0,0,0,3,1,0,0,0,0,1,0,0,0,0,0,0,0,0,0,0,0,0,0,1,1,0,0,0,0,0,0,1,1,0,0,0,0,0,0,76.295,52.216,63.814
144,2005.0,0,0,0,26,19,0,0,0,0,0,4,0,0,0,0,0,0,0,0,1,3,2,0,0,0,0,0,3,1,0,0,0,0,0,0,0,1,0,0,0,0,1,0,0,0,0,0,1,1,0,0,0,0,0,0,1,1,0,0,0,0,0,0,2.453,10.671,14.644
145,2007.0,0,0,0,49,19,0,47,0,0,0,4,0,0,0,0,0,1,1,0,0,1,1,0,0,0,0,0,3,0,0,1,0,0,1,1,0,0,0,0,0,0,1,0,0,0,0,0,1,1,0,0,0,1,0,0,1,1,0,0,0,0,0,0,6.454,5.137,6.149
146,2002.0,0,0,0,73,40,0,0,0,0,0,4,0,0,0,0,0,0,0,2,0,3,2,1,0,1,0,0,4,1,0,0,0,0,1,1,0,0,0,0,1,1,1,1,0,1,0,1,1,6,0,0,1,0,1,1,1,0,1,1,1,0,0,0,179,179,180.5
147,2010.0,24,0,0,23,50,0,18,0,0,0,4,1,1,0,0,0,1,0,2,0,2,2,1,0,1,0,2,4,1,1,1,0,1,1,1,0,0,0,0,1,0,0,1,1,1,0,0,1,1,0,0,1,0,1,1,1,1,0,1,0,0,0,0,,,110.5
148,2008.0,32,0,0,42,55,0,2,0,0,0,4,0,0,23,1,0,0,1,1,0,2,1,0,0,1,1,0,4,0,1,0,0,1,1,1,1,0,1,1,0,1,0,1,1,0,14,0,1,6,0,0,0,1,1,1,0,1,0,1,0,0,0,0,1,1,1
149,2008.0,33,0,0,43,55,0,0,0,0,0,4,0,0,24,1,0,0,1,1,0,2,1,0,0,1,1,2,4,0,1,0,0,1,1,1,1,0,1,1,0,1,0,1,0,0,15,0,1,6,0,0,0,1,1,1,0,1,0,1,0,0,0,0,1,1,1
150,1988.0,0,90,0,19,55,0,3,0,0,0,4,0,0,0,1,0,0,1,0,1,3,2,0,0,1,0,2,3,0,0,0,0,0,0,0,0,1,0,0,0,0,1,0,0,0,0,1,1,5,0,0,0,0,0,0,1,0,0,0,0,1,0,1,30,31,31
151,1980.0,70,92,1,4,55,0,46,0,1,1,4,0,0,0,1,0,0,0,2,0,3,2,2,1,0,0,2,4,1,0,0,0,1,1,0,0,0,1,0,1,1,1,1,1,1,0,1,2,5,1,0,0,1,0,0,1,1,0,0,0,0,1,0,8.577,8.577,9.503
152,2008.0,38,0,1,22,55,0,32,0,0,1,4,0,0,0,1,0,0,0,2,0,3,2,0,0,1,0,2,3,1,0,0,0,1,1,1,0,0,0,1,0,1,1,1,1,0,0,1,2,3,1,0,0,0,0,0,1,1,0,0,0,0,0,0,4.74,8.944, -   
153,1995.0,0,3,1,0,55,1,0,0,0,1,4,0,0,0,2,0,0,0,2,0,3,2,0,0,0,0,1,1,0,0,1,0,1,0,0,0,0,0,0,1,0,1,1,1,0,0,0,2,5,1,1,0,0,0,0,0,1,0,0,0,1,1,1,100,100,100
154,1972.0,19,0,0,0,55,0,15,0,0,0,4,0,0,0,0,0,0,0,0,0,3,1,0,0,1,0,0,1,1,0,1,0,1,1,0,0,0,0,0,0,0,1,0,1,1,7,0,1,5,1,1,0,0,1,1,1,1,0,0,0,0,0,0,13.9,3.5,3.65
155,1999.0,0,0,0,0,55,0,0,0,0,0,4,0,0,8,0,0,0,1,1,1,3,1,0,0,1,1,0,3,0,0,0,0,0,0,0,0,0,0,0,0,0,1,0,1,0,0,1,1,6,0,0,0,0,0,0,0,1,0,0,0,1,0,1,15.44,38.63,49.77
156,1990.0,0,0,0,4,55,0,0,0,0,1,4,0,0,0,1,0,0,0,2,0,3,2,0,0,1,0,2,3,1,0,0,1,1,1,1,0,0,0,0,1,0,1,1,1,0,0,1,1,5,0,0,0,0,0,0,1,0,0,0,0,1,0,1,31.186,35.204,34.873
157,2007.0,0,0,0,17,23,0,0,1,0,1,2,1,1,0,0,0,1,0,2,0,2,1,0,0,0,0,2,1,1,0,0,1,1,0,1,0,0,0,1,1,1,0,1,0,1,0,0,1,6,1,0,1,0,1,1,1,0,0,1,1,0,1,0,0.577,0.568,0.426
158,2005.0,29,0,1,21,23,0,19,1,0,1,2,1,1,12,0,0,1,0,2,0,3,1,0,0,1,1,2,1,1,1,0,1,1,0,1,0,0,0,0,1,0,0,1,1,1,0,0,1,4,1,1,1,0,1,1,1,0,1,1,1,0,0,0,3.831,7.704,10.388
159,2008.0,9,14,1,0,5,1,0,0,0,0,10,0,0,22,2,0,0,0,2,0,2,2,1,0,0,1,1,0,0,0,1,0,1,0,0,0,0,1,0,0,0,0,0,1,0,0,0,2,5,1,1,0,0,0,0,0,0,0,0,0,1,1,0,2.75,2.711,3.111
160,2000.0,54,103,0,0,23,0,0,0,0,1,2,0,0,28,2,0,0,0,2,0,3,2,1,0,0,1,1,0,0,0,0,0,1,0,0,0,0,1,0,1,0,0,1,1,0,0,0,2,5,0,0,0,0,0,0,0,0,0,0,0,0,0,0,13.92,14.984,14.309
161,1993.0,0,42,0,0,64,0,0,0,0,1,9,0,0,0,0,0,0,0,2,0,3,1,0,0,0,0,1,0,0,0,0,0,1,0,0,0,0,0,0,0,0,0,0,0,0,0,0,0,5,1,1,0,0,0,0,0,0,0,0,0,0,0,0,0.492,0.519,0.566
162,2002.0,37,0,0,56,23,0,0,1,0,1,2,1,1,20,0,0,1,0,2,0,3,1,0,0,1,1,2,1,1,1,1,1,1,0,1,0,0,1,0,1,1,0,1,1,1,0,0,1,4,0,0,1,0,1,1,1,0,0,1,0,0,0,0,9.55,9.7,9.7
163,1999.0,0,17,0,0,20,0,0,0,0,1,1,0,0,0,0,0,0,0,0,0,2,1,0,0,0,0,1,0,0,0,0,0,0,0,0,0,0,0,1,0,0,0,1,1,0,0,0,0,4,0,0,0,0,0,0,0,0,0,0,0,0,0,0,0.983,0.983,0.983
164,1990.0,0,60,0,0,20,0,0,0,0,1,1,0,0,0,0,0,0,0,0,0,1,1,0,0,0,0,1,0,0,0,0,0,0,0,0,0,0,0,1,0,0,0,1,1,0,0,0,0,4,0,0,0,0,0,0,0,0,0,0,0,0,0,0,5.385,5.654,5.654
165,2009.0,0,121,0,0,20,0,0,0,0,1,1,0,0,0,0,2,0,0,0,0,3,2,0,0,0,0,1,0,0,0,0,0,0,0,0,0,0,0,0,0,0,0,1,1,0,0,0,1,5,0,0,0,0,0,0,0,0,0,0,0,0,0,0, -   ,0.75,0.875
166,1999.0,0,0,0,54,62,0,0,1,0,0,10,1,1,0,0,0,0,0,2,1,2,1,0,0,1,0,2,2,0,1,0,1,0,0,0,1,1,1,0,1,1,0,1,1,0,0,0,1,2,1,0,0,1,0,0,1,0,0,0,0,0,0,0,1.921,1.847,1.823
167,2007.0,8,56,0,0,49,0,0,0,0,0,12,0,0,0,2,0,0,0,2,0,3,1,0,0,0,0,0,0,0,0,0,0,0,0,0,0,0,0,1,0,0,0,1,0,0,0,0,0,3,0,0,0,0,0,0,0,0,0,0,0,0,0,0,4.72,4.72,4.7
168,1994.0,0,119,0,0,20,0,0,0,0,0,1,0,0,0,0,0,0,0,2,0,3,2,1,0,0,0,1,0,0,0,0,0,0,0,0,0,0,0,0,0,0,0,0,0,0,0,0,1,5,0,0,0,0,0,0,0,0,0,0,0,1,0,1,1.458,0.958,1.126
169,2010.0,0,109,0,0,20,0,0,0,0,0,1,0,0,0,0,0,0,0,2,0,3,2,1,0,0,0,1,0,0,0,0,0,0,0,0,0,0,0,0,0,0,0,0,0,0,0,0,1,7,0,0,0,0,0,0,0,0,0,0,0,0,0,0, -   , -   ,0.364
170,2008.0,0,0,0,0,23,0,0,1,0,0,2,0,0,0,0,0,1,0,1,0,2,1,0,0,0,0,0,1,0,0,0,0,0,0,0,0,1,0,0,1,0,1,1,0,0,0,0,1,2,1,0,0,0,0,0,0,1,0,0,1,0,1,0,1.259,1.26,1.649
171,,0,41,0,0,34,0,0,0,0,0,7,0,0,0,0,0,0,0,2,0,2,2,1,1,0,0,1,0,0,0,0,0,0,0,0,0,0,1,0,0,0,0,0,0,0,0,0,1,5,0,0,0,0,0,0,0,0,0,0,0,1,0,1,70.563,83.426,68.981
172,1975.0,45,68,0,0,34,0,0,0,0,0,7,0,0,0,2,0,0,0,2,0,3,1,0,0,0,0,1,0,0,0,0,0,0,0,0,0,0,1,1,0,0,0,0,1,0,0,0,0,7,0,0,0,0,0,0,0,0,0,0,0,1,0,1,259.076,266.467,230.84
173,1975.0,45,68,0,0,34,0,0,0,0,0,7,0,0,0,2,0,0,0,2,0,3,1,0,0,0,0,1,0,0,0,0,0,0,0,0,0,0,0,1,0,0,0,0,1,0,0,0,0,7,0,0,0,0,0,0,0,0,0,0,0,1,0,1,47.571,55.552,56.883
174,1977.0,0,126,1,0,31,0,0,0,0,1,7,0,0,0,2,34,0,0,2,0,2,2,1,0,0,0,1,0,0,0,0,0,1,0,0,0,0,0,0,0,0,0,1,1,0,0,0,2,5,0,0,0,0,0,0,0,0,0,0,0,1,0,1,16.764,21.249,21.249
175,1999.0,0,135,0,0,31,0,0,2,0,0,7,0,0,0,0,36,0,0,2,0,2,1,0,0,0,0,1,0,0,0,0,0,0,0,0,0,0,0,0,1,0,0,1,1,0,0,0,0,4,1,1,0,0,0,0,0,0,0,0,0,0,0,0,0.318,0.33,0.695
176,2005.0,81,137,0,0,31,0,0,0,0,0,7,0,0,31,0,30,0,0,2,0,2,1,0,0,0,1,1,0,0,0,0,0,0,0,0,0,0,0,0,0,0,0,1,1,0,0,0,0,4,0,1,0,0,0,0,0,0,0,0,0,0,0,0,0.677,0.746,0.667
177,2001.0,72,123,1,0,31,0,0,0,0,1,7,0,0,0,0,0,0,0,2,0,2,2,1,0,0,0,1,0,0,0,0,0,1,0,0,0,0,0,0,0,0,0,1,1,0,0,0,1,5,0,0,0,0,0,0,0,0,0,0,0,1,0,1,16.443,22.335,21.412
178,2000.0,26,122,1,0,31,0,0,0,1,1,7,0,0,33,2,0,0,0,2,0,2,2,1,0,0,1,1,0,0,0,0,0,1,0,0,0,0,0,0,0,0,0,1,1,0,0,0,2,5,0,0,0,0,0,0,0,0,0,0,0,1,0,1,18.57,25.69,24.442
179,1993.0,83,127,1,0,31,0,0,0,0,1,7,0,0,0,2,40,0,0,2,0,2,2,1,0,0,0,1,0,0,0,0,0,1,0,0,0,0,0,0,0,0,0,1,1,0,0,0,1,5,0,0,0,0,0,0,0,0,0,0,0,1,0,1,3.995,7.26,6.461
180,1993.0,84,128,1,0,31,0,0,0,0,1,7,0,0,0,2,35,0,0,2,0,2,2,1,0,0,0,1,0,0,0,0,0,1,0,0,0,0,0,0,0,0,0,1,1,0,0,0,1,5,0,0,0,0,0,0,0,0,0,0,0,1,0,1,1.287,2.18,2.977
181,2001.0,66,28,0,0,31,0,0,0,0,1,7,0,0,0,0,39,0,0,2,0,2,2,1,0,0,0,0,0,0,0,0,0,1,0,0,0,0,0,0,0,0,0,0,1,0,0,0,1,5,0,0,0,0,0,0,0,0,0,0,0,1,0,1,3.029,6.725,5.78
182,1991.0,17,77,0,31,26,1,0,1,0,1,7,0,0,13,1,8,0,0,2,0,2,2,1,1,0,1,2,1,1,0,1,0,1,1,1,0,0,1,1,1,1,1,1,1,1,0,0,1,4,0,0,0,1,1,1,1,1,1,1,1,0,1,0,16.183,22.209,18.324
183,1994.0,0,62,0,0,24,0,0,2,0,1,7,0,0,0,0,3,0,0,2,0,2,1,0,0,0,0,1,0,0,0,0,0,0,0,0,0,0,1,1,1,0,0,1,1,0,0,0,0,4,0,0,0,0,0,0,0,0,0,0,0,0,0,0,6.753,7.311,6.757
184,1999.0,0,63,0,0,24,0,0,0,0,0,7,0,0,0,0,37,0,0,2,0,2,1,0,0,0,0,1,0,0,0,0,0,0,0,0,0,0,0,1,1,0,0,1,1,0,0,0,0,4,0,0,0,0,0,0,0,0,0,0,0,0,0,0,16.209,18.992,20.442
185,2009.0,40,32,0,0,27,0,0,0,0,1,7,0,0,0,2,0,0,0,2,0,2,1,0,0,0,0,1,0,0,0,0,0,1,0,0,0,0,1,0,0,0,0,0,1,0,0,0,0,5,0,0,0,0,0,0,0,0,0,0,0,1,0,1, -   ,1.449,1.449
186,2006.0,40,25,0,0,27,0,0,0,0,0,7,0,0,0,0,0,0,0,2,0,2,2,2,1,0,0,1,0,0,0,0,0,1,0,0,0,0,1,0,0,0,0,1,1,0,0,0,1,5,0,0,0,0,0,0,0,0,0,0,0,1,0,1,2.047,3.168,4.189
187,2001.0,40,23,0,0,27,0,0,0,0,1,7,0,0,0,0,0,0,0,2,0,2,2,2,1,0,0,1,0,0,0,0,0,1,0,0,0,0,1,0,0,0,0,1,1,0,0,0,2,5,0,0,0,0,0,0,0,0,0,0,0,1,0,1,0.476,0.486,0.476
188,2008.0,0,131,0,0,30,0,0,0,0,0,7,0,0,0,0,0,0,0,2,0,2,1,0,0,0,0,1,0,0,0,0,0,0,0,0,0,0,1,0,0,0,0,0,1,0,0,0,0,2,0,0,0,0,0,0,0,0,0,0,0,1,0,1,0.568,0.763,0.568
189,2008.0,0,134,0,0,28,0,0,1,0,1,7,0,0,0,0,0,0,1,0,0,2,1,0,0,0,0,2,3,1,1,0,0,1,0,0,0,0,0,0,1,0,1,1,0,0,0,0,1,4,0,0,1,0,0,0,1,1,0,0,0,0,1,0,0.348,0.711,1.06
190,2008.0,68,88,0,0,32,0,0,0,0,0,7,0,0,0,2,0,0,0,2,0,2,2,1,0,0,0,1,0,0,0,0,0,1,0,0,0,0,1,0,0,0,0,0,1,0,0,0,1,5,0,0,0,0,0,0,0,0,0,0,0,1,1,1,0.254,0.713,0.821
191,2008.0,0,107,0,0,29,0,0,0,0,0,7,0,0,19,0,19,0,0,2,0,1,1,0,0,0,1,1,0,0,0,0,0,1,0,0,0,0,1,1,1,0,0,1,1,0,0,0,0,4,0,0,0,0,0,0,0,0,0,0,0,0,0,0,0.7,0.924,0.75
192,2000.0,0,15,0,0,52,0,0,0,0,0,7,0,0,0,2,0,0,0,2,0,2,1,0,0,0,0,1,0,0,0,1,0,0,0,0,0,0,1,0,0,0,0,1,1,0,0,0,0,7,0,0,0,0,0,0,0,0,0,0,0,0,1,0,17.6,16.6,16.7
193,,47,29,0,0,52,0,0,0,0,0,7,0,0,0,0,26,0,0,2,0,2,1,0,0,0,0,1,0,0,0,0,0,1,0,0,0,0,1,0,1,0,0,1,1,0,0,0,0,5,0,0,0,0,0,0,0,0,0,0,0,1,0,1,21.54,21.48,24.81
194,1994.0,46,124,0,0,52,0,0,0,0,0,7,0,0,0,0,0,0,0,2,0,2,1,0,0,0,0,1,0,0,0,0,0,1,0,0,0,0,1,1,0,0,0,1,1,0,0,0,0,4,0,0,0,0,0,0,0,0,0,0,0,1,0,1,5.775,5.115,5.869
195,,55,125,0,0,52,0,0,0,0,0,7,0,0,0,0,31,0,0,0,0,2,1,0,0,0,0,0,0,0,0,0,0,1,0,0,0,0,1,0,0,0,0,0,0,0,0,0,0,7,0,0,0,0,0,0,0,0,0,0,0,1,0,1,2.135,2.135,2.24
196,1995.0,0,30,0,0,52,0,0,0,0,0,7,0,0,0,2,0,0,0,2,0,3,2,0,0,0,0,1,0,0,0,0,0,1,0,0,0,0,0,0,0,0,0,0,0,0,0,0,1,5,0,0,0,0,0,0,0,0,0,0,0,1,0,1,2.2,2.3,2.4
197,1997.0,0,64,0,68,56,0,0,0,0,1,7,0,0,0,0,0,0,1,2,1,2,1,0,0,1,0,2,1,0,1,0,1,0,0,1,0,0,0,0,1,0,1,1,0,0,0,0,1,4,0,0,0,0,0,0,1,0,0,0,0,0,0,0,0.761,0.358,0.342
198,1991.0,0,133,0,0,56,1,0,1,0,0,7,0,0,0,0,0,0,0,2,0,2,1,0,0,1,0,2,3,0,0,0,0,1,0,0,0,0,0,0,1,0,1,1,0,0,24,1,1,2,0,0,0,0,0,0,1,1,0,0,0,0,0,0,2.096,2.107,2.27
199,1997.0,0,27,0,0,21,0,0,0,0,0,7,0,0,0,2,12,0,0,2,0,2,1,0,0,0,0,1,0,0,0,0,0,1,0,0,0,0,0,1,0,0,0,0,1,0,0,0,0,4,0,0,0,0,0,0,0,0,0,0,0,1,0,0,1,1,1.1
200,2005.0,0,116,0,0,24,0,0,0,0,1,7,0,0,0,2,29,0,0,0,0,2,1,0,0,0,0,1,0,0,0,0,0,0,0,0,0,0,0,1,0,0,0,0,1,0,0,0,0,7,0,0,0,0,0,0,0,0,0,0,0,1,0,0,0.405,0.425,0.445
201,1992.0,0,18,0,32,33,0,0,1,0,1,7,0,0,0,0,13,0,0,2,0,2,1,0,0,0,0,2,4,1,0,0,0,1,0,1,0,0,0,1,1,1,1,1,1,0,0,1,1,4,1,0,1,1,0,1,1,1,0,1,0,0,1,0,2.164,2.464,2.295
202,2008.0,0,0,0,62,33,0,0,0,0,1,7,0,0,0,0,0,0,0,2,0,2,1,0,0,0,0,2,3,0,0,0,0,0,0,0,0,0,0,0,0,0,1,1,1,0,0,0,1,4,0,0,0,0,0,0,1,1,0,0,0,0,0,0,0.263, -   ,0.756
203,2006.0,0,106,1,0,33,0,0,0,0,0,7,0,0,0,2,0,0,0,2,0,2,1,0,0,0,0,1,0,0,0,0,0,0,0,0,0,0,1,1,0,0,0,1,1,0,0,0,0,4,0,0,0,0,0,0,0,0,0,0,0,0,0,0,1.439,2.879,1.443
204,2003.0,0,0,0,0,29,0,0,0,0,1,7,0,0,0,0,20,0,1,0,1,3,1,0,0,0,0,2,3,0,0,0,0,0,0,0,0,0,0,0,0,0,1,1,0,0,0,1,1,1,0,0,0,0,0,0,1,1,0,0,0,0,0,0,4.7,10.1,10.4
205,1986.0,0,0,0,30,20,0,0,0,0,1,1,0,1,0,0,0,0,0,2,0,2,1,0,0,1,0,2,1,0,1,0,0,0,0,0,0,0,0,0,1,0,0,1,1,0,0,0,1,6,0,0,0,0,1,1,0,0,0,1,0,0,0,0,0.5,0.5,0.5
206,1990.0,0,59,0,0,20,0,0,0,0,1,1,0,0,0,0,0,0,0,2,0,3,2,0,0,0,0,1,0,0,0,0,0,0,0,0,0,0,0,1,0,0,0,1,1,0,0,0,2,3,0,0,0,0,0,0,0,0,0,0,0,0,0,0,5.17, -   ,9.26
207,2004.0,36,0,0,53,23,0,0,0,0,0,2,0,0,27,0,0,0,0,1,0,2,1,0,0,1,1,0,1,0,0,0,1,0,0,0,0,0,0,0,0,0,1,1,0,1,1,1,1,6,1,1,0,0,1,1,1,0,0,1,0,0,0,0,0.189,0.6,0.6
208,2007.0,0,0,0,52,23,1,0,1,0,1,2,0,0,0,0,0,1,0,2,0,2,1,0,0,1,0,2,1,0,0,0,1,0,0,1,0,0,1,1,1,0,1,1,0,0,0,1,1,4,0,0,0,0,0,1,0,0,1,1,1,0,0,0,2.242,2.242,2.313
209,1914.0,3,0,0,1,20,0,28,0,0,1,1,0,0,0,0,0,0,0,2,0,3,1,0,0,1,0,2,3,1,1,0,0,0,0,0,0,1,0,1,1,0,1,1,1,0,0,0,1,4,0,0,0,0,0,0,1,1,0,0,0,0,1,0,26.367,26.316,24.275
210,1972.0,11,0,0,65,23,0,7,1,0,0,2,0,1,17,0,0,1,0,2,0,2,1,0,0,1,1,2,1,1,0,0,1,1,0,0,1,1,1,1,1,1,0,1,1,1,18,1,1,2,0,0,1,0,1,1,1,0,0,1,1,0,0,0,1.603,1.739,1.791
211,2001.0,0,80,1,0,20,0,0,2,0,1,1,0,0,0,2,0,0,0,2,0,3,2,0,1,0,0,1,0,0,0,0,0,1,0,0,0,0,1,0,1,0,0,1,1,0,0,0,2,5,0,0,0,0,0,0,0,0,0,0,0,1,0,0,3.06,3.06,3.06
212,1968.0,77,0,0,0,23,1,9,1,0,1,2,1,0,0,1,0,0,0,2,1,2,1,0,0,0,0,2,2,0,1,0,0,0,0,0,0,0,1,1,1,0,1,1,1,1,0,0,1,4,0,0,0,0,1,1,1,1,1,1,1,0,0,0,9.725,9.387,9.379
213,2009.0,0,89,0,0,49,0,0,0,0,0,12,0,0,0,2,0,0,0,2,0,3,1,0,0,0,0,1,0,0,0,0,0,0,0,0,0,0,0,0,0,0,0,0,0,0,0,0,0,5,0,0,0,0,0,0,0,0,0,0,0,0,0,0, -   ,8.4,6.6
214,2009.0,0,129,0,0,49,0,0,0,0,0,12,0,0,0,0,0,0,0,0,0,3,1,0,0,0,0,1,0,0,0,0,0,0,0,0,0,0,0,1,0,0,0,0,0,0,0,0,0,7,0,0,0,0,0,0,0,0,0,0,0,0,0,0, -   ,1.8,2.2
215,2010.0,0,93,0,0,20,0,0,0,0,0,1,0,0,0,0,17,0,0,2,0,3,1,0,0,0,0,1,0,0,0,0,0,1,0,0,0,0,0,0,0,0,0,0,0,0,0,0,0,7,0,0,0,0,0,0,0,0,0,0,0,1,0,1, -   , -   ,6.457
216,2005.0,0,73,1,0,20,0,0,2,1,1,1,0,0,0,2,0,0,0,2,0,3,2,1,0,0,0,1,0,0,0,0,0,1,0,0,0,0,1,0,1,0,0,1,1,0,0,0,1,5,0,0,0,0,0,0,0,0,0,0,0,1,1,1,0.709,0.761,0.857
217,1994.0,0,0,0,72,23,0,51,0,0,0,2,1,0,0,0,0,0,1,2,0,2,1,0,0,1,0,2,1,0,1,0,0,0,0,0,0,1,0,0,1,0,1,1,0,1,16,0,1,2,0,0,0,0,0,1,0,1,0,0,0,0,0,0, -   , -   ,3
218,,0,40,1,0,20,0,0,2,1,1,1,0,0,0,2,0,0,0,2,0,3,2,1,0,0,0,0,0,0,0,0,0,1,0,0,0,0,1,0,1,0,0,1,1,0,0,0,1,5,0,0,0,0,0,0,0,0,0,0,0,1,1,1,,,0.72
219,2010.0,0,0,1,10,20,0,0,1,0,1,1,0,0,0,0,24,0,1,2,0,3,2,0,0,1,0,0,1,0,0,0,0,0,0,0,0,0,0,0,0,1,1,1,0,0,0,0,2,3,0,0,0,0,1,1,0,1,0,0,1,0,0,0, -   , -   ,6.6
220,2009.0,0,79,0,60,22,0,23,0,0,1,2,0,0,0,0,0,1,0,1,0,3,1,0,0,1,0,0,3,0,0,0,0,0,1,1,0,0,0,1,1,0,1,1,0,0,0,1,1,6,0,0,1,0,0,0,1,1,0,0,0,1,0,0,0.1,0.2,0.3
221,1983.0,0,76,1,0,20,0,0,0,0,0,1,0,0,0,0,0,0,0,1,0,3,2,0,0,0,0,0,0,0,0,0,0,0,0,0,0,0,0,0,0,0,0,0,0,0,0,0,2,3,0,0,0,0,0,0,0,0,0,0,0,1,0,1,16.577,17.28,19
222,1976.0,76,58,1,15,23,0,8,1,0,1,2,0,1,26,0,0,1,0,2,0,2,1,0,0,0,1,2,2,1,0,1,1,0,1,0,0,0,1,1,1,1,0,1,1,1,21,0,1,4,0,0,0,0,1,1,1,0,1,1,0,0,0,0,2.82,3.502,4.002
223,2000.0,0,0,0,50,23,0,48,0,1,1,2,0,1,0,0,0,1,0,2,0,2,2,0,0,1,0,0,1,0,0,0,0,0,0,1,0,0,0,0,1,0,0,1,0,0,0,1,1,6,0,0,0,0,0,0,1,0,0,0,0,0,0,0,0.826,0.826,0.838
224,2008.0,0,0,0,0,23,0,0,1,0,0,2,0,0,0,0,0,0,0,0,1,3,2,1,0,1,0,2,3,0,0,0,0,1,0,0,0,1,0,0,1,0,1,0,0,0,0,0,1,2,1,1,0,0,0,0,0,1,0,0,0,0,0,0,1.245,2.53,3.07
225,1997.0,0,69,1,0,20,0,0,0,0,1,1,0,0,0,2,0,0,0,2,0,3,2,0,0,0,0,1,0,0,0,0,0,1,0,0,0,0,1,1,1,0,0,1,1,0,0,0,2,3,0,0,0,0,0,0,0,0,0,0,0,1,0,1,5.8,6.327,9.327
226,1986.0,0,1,0,0,20,0,0,0,0,0,1,0,0,0,2,0,0,0,0,0,3,1,0,0,0,0,1,0,0,0,0,0,0,0,0,0,0,0,0,0,0,0,0,0,0,0,0,0,7,0,0,0,0,0,0,0,0,0,0,0,0,0,0,2.8,2.9,2.9
227,2005.0,74,0,0,0,23,0,24,0,0,0,2,0,0,5,0,0,0,1,2,0,2,1,0,0,0,1,2,1,0,0,0,0,0,0,0,0,0,0,0,1,0,1,0,0,0,22,1,1,2,1,0,0,0,0,1,1,1,0,0,1,0,0,0,6.36,2.976,3.182
228,1993.0,21,24,0,0,22,0,0,0,0,1,2,0,0,0,0,0,0,0,2,0,1,1,0,0,0,0,1,0,0,0,0,0,1,0,0,0,0,0,0,0,0,0,0,0,0,0,0,0,5,0,0,0,0,0,0,0,0,0,0,0,1,0,0,0.511,0.627,0.74
229,2005.0,0,21,0,0,23,0,0,0,0,0,2,0,0,0,2,0,0,0,2,0,3,1,0,0,0,0,1,0,0,0,0,0,1,0,0,0,0,1,0,0,0,0,0,0,0,0,0,0,5,0,0,0,0,0,0,0,0,0,0,0,0,0,0,3.97,5.6,5.6
230,2001.0,0,91,0,17,23,0,45,0,0,1,2,1,0,0,0,0,1,1,2,0,3,1,0,0,1,0,2,1,0,1,0,1,0,0,0,0,0,0,0,1,0,1,1,0,1,0,0,1,6,0,0,1,0,1,1,1,0,1,1,1,0,0,0, -   ,0.9,0.9
231,1987.0,0,51,1,0,59,0,50,1,0,0,13,0,0,0,1,0,0,1,2,0,3,1,0,0,1,0,0,0,0,0,0,0,0,0,0,0,1,1,0,1,0,0,1,1,0,0,1,1,5,1,1,0,0,0,0,1,0,0,0,0,1,0,1,74.439,83.453,83.671
232,1991.0,0,118,0,0,18,0,0,0,0,1,13,0,0,0,2,0,0,0,2,0,3,1,0,0,0,0,1,0,0,0,0,0,0,0,0,0,0,0,0,0,0,0,0,0,0,0,0,0,5,0,0,0,0,0,0,0,0,0,0,0,0,0,0,1.961,1.989,2.006
233,2006.0,0,104,0,0,18,0,0,0,0,1,13,0,0,0,0,0,0,0,0,0,3,2,1,0,0,0,1,0,0,0,0,0,0,0,0,0,0,0,0,1,0,0,0,0,0,0,0,1,4,0,0,0,0,0,0,0,0,0,0,0,0,0,0,1.114,1.13,1.14
234,1980.0,0,16,0,0,18,0,0,0,0,0,13,0,0,0,0,0,0,0,2,0,3,2,1,0,0,0,1,0,0,0,0,0,0,0,0,0,0,1,0,0,0,0,0,0,0,0,0,1,2,0,0,0,0,0,0,0,0,0,0,0,1,0,1,0.642,0.648,0.652
235,1990.0,0,22,1,0,17,0,0,0,0,0,13,0,0,4,2,0,0,0,2,0,3,1,0,0,0,1,1,0,0,0,0,0,1,0,0,0,0,0,0,0,0,0,1,0,0,0,0,0,5,0,0,0,0,0,0,0,0,0,0,0,0,0,0,13.2,14.1,16.4
236,2006.0,0,0,1,36,63,1,0,0,0,1,12,0,1,0,0,0,0,0,2,0,1,2,1,0,1,0,2,1,1,0,1,0,1,1,1,0,0,1,0,1,1,0,1,1,1,0,0,2,5,0,0,0,1,1,1,1,1,1,1,1,1,1,0,1,1.418,2.838
237,2001.0,0,111,0,0,23,0,0,0,0,1,2,0,0,0,2,0,0,0,2,0,3,2,2,1,0,0,1,0,0,0,0,0,1,0,0,0,0,1,1,0,0,0,0,0,0,0,0,1,7,0,0,0,0,0,0,0,0,0,0,0,0,0,0,0.468,0.62,0.603
238,1972.0,86,31,1,0,35,0,0,0,0,0,7,0,0,0,2,38,0,0,2,0,3,1,0,0,0,0,1,0,0,0,0,0,0,0,0,0,0,1,0,1,0,0,1,1,0,0,0,0,5,0,0,0,0,0,0,0,0,0,0,0,1,0,0,10.331,14.661,10.144
239,1987.0,0,38,0,0,36,0,0,0,0,1,3,0,0,0,2,0,0,0,2,0,3,1,0,0,0,0,1,0,0,0,0,0,0,0,0,0,0,0,0,0,0,0,0,1,0,0,0,0,7,0,0,0,0,0,0,0,0,0,0,0,0,0,0,,1.5,1.6
240,2007.0,0,55,0,0,60,0,0,0,0,0,8,0,0,0,2,0,0,0,0,0,3,1,0,0,0,0,1,0,0,0,0,0,1,0,0,0,0,1,1,0,0,0,0,0,0,0,0,0,7,0,0,0,0,0,0,0,0,0,0,0,0,0,0,3.5,2.5,2.5
241,2007.0,0,4,0,0,60,0,0,0,0,0,8,0,0,0,2,0,0,0,0,0,3,2,2,1,0,0,1,0,0,0,0,0,1,0,0,0,0,1,1,0,0,0,0,0,0,0,0,2,7,0,0,0,0,0,0,0,0,0,0,0,0,0,0,3.8,3.8,3.4
242,2005.0,53,4,0,0,60,0,0,0,0,0,8,0,0,0,0,0,0,0,0,0,3,2,2,1,0,0,1,0,0,0,0,0,1,0,0,0,0,1,0,0,0,0,0,0,0,0,0,2,5,0,0,0,0,0,0,0,0,0,0,0,0,0,0,0.17,0.272,0.55
243,,0,65,0,0,60,0,0,0,0,1,8,0,0,0,0,0,0,0,2,0,1,1,0,0,0,0,1,0,0,0,0,0,0,0,0,0,0,1,1,0,0,0,0,0,0,0,0,0,7,0,0,0,0,0,0,0,0,0,0,0,0,0,0,0.177,0.224,0.363
244,2007.0,0,49,1,0,45,1,0,0,0,1,5,0,0,0,0,0,0,0,2,0,2,1,0,0,0,0,1,0,0,0,0,0,0,0,0,0,0,0,0,1,0,0,1,1,0,0,0,0,5,1,1,0,0,0,0,0,0,0,0,0,0,0,0,0.366,0.46,0.625
245,2003.0,0,0,0,51,11,1,0,0,0,0,11,0,0,0,0,0,0,0,2,0,3,1,0,0,0,0,2,1,1,1,0,1,0,1,0,1,0,0,0,0,0,0,0,0,1,0,0,1,2,0,0,1,0,1,1,0,0,0,1,0,0,0,0,28.72,27.86,20.85
246,1998.0,31,61,0,0,11,0,25,0,1,0,11,0,0,0,1,27,0,0,2,1,3,2,1,0,1,0,2,3,1,0,0,0,1,0,0,0,1,0,0,0,1,1,0,0,1,0,1,1,5,0,0,0,1,0,1,1,0,0,0,0,1,0,1,92.4,61.22,75.96
247,1993.0,0,0,0,0,11,0,0,0,0,1,11,0,0,0,0,0,0,0,0,0,1,2,0,0,0,0,0,3,0,0,0,0,0,1,0,0,0,0,1,0,0,1,0,0,0,0,1,1,1,0,0,0,0,0,0,1,1,0,0,0,0,0,0,10.13,11.4,11.57
248,2006.0,0,35,0,0,38,0,0,1,1,1,11,0,0,0,0,4,0,0,0,0,2,2,1,1,0,0,2,1,1,0,0,0,1,0,0,0,0,0,1,1,0,1,1,1,1,0,0,1,4,1,1,0,0,1,1,1,1,1,1,1,1,1,1,9.9, -   ,4.85
249,2001.0,0,26,1,0,27,0,0,0,0,0,7,0,0,0,0,0,0,0,0,0,2,2,2,1,0,0,1,0,0,0,0,0,1,0,0,0,0,1,0,0,0,0,0,1,0,0,0,2,5,0,0,0,0,0,0,0,0,0,0,0,1,0,1,0.476,0.486,0.476
250,,0,11,0,0,1,0,0,0,0,0,1,0,0,0,0,0,0,0,0,0,1,1,0,0,0,0,1,0,0,0,0,0,1,0,0,0,0,1,0,0,0,0,0,0,0,0,0,0,2,0,0,0,0,0,0,0,0,0,0,0,0,0,0,,,0.488
251,2006.0,0,0,0,0,55,0,0,0,0,0,4,0,0,0,0,0,0,0,0,0,1,1,0,0,0,0,2,3,0,1,0,0,0,1,0,0,0,0,1,0,0,1,0,0,0,0,0,1,7,0,0,0,0,0,0,0,1,0,0,0,0,0,0,194,341,379.776
